month,pc1_hf_bps,stoxx50_hf_pct,mp_pm_bps,cbi_pm_bps,mp_median_bps,cbi_median_bps,meeting_count,ecb_event_month
1/1/1999,-3.396484,-1.443568995,0.358068,-3.754552,2.914637,-6.311121,2,TRUE
2/1/1999,0,0.174157406,0,0,-0.556514,0.556514,1,TRUE
3/1/1999,-0.268404,0.143328365,-0.268404,0,-0.592203,0.323799,2,TRUE
4/1/1999,-1.010477,0.054656769,-0.264835,-0.745642,-0.679893,-0.330584,2,TRUE
5/1/1999,0.606428,-0.388000917,0.606428,0,1.543059,-0.936631,2,TRUE
6/1/1999,-0.548686,-0.32633045,0.179034,-0.72772,0.768436,-1.317122,2,TRUE
7/1/1999,2.285836,0.512535518,0.132417,2.153419,-0.494872,2.780708,3,TRUE
8/1/1999,-0.148002,-0.235598413,0,-0.148002,0.678846,-0.826848,1,TRUE
9/1/1999,-4.694778,0.56936632,-4.694778,0,-4.166781,-0.527997,2,TRUE
10/1/1999,-17.429282,-0.594183284,0,-17.429282,-6.815947,-10.613335,2,TRUE
11/1/1999,5.741989,0.567512569,0,5.741989,1.057526,4.684463,2,TRUE
12/1/1999,-0.026483,0.243088747,-0.026483,0,-0.790024,0.763541,2,TRUE
1/1/2000,-1.185468,-0.545534796,0,-1.185468,1.150505,-2.335973,2,TRUE
2/1/2000,2.453869,1.644478935,0,2.453869,-4.027945,6.481814,2,TRUE
3/1/2000,-8.445176,0.767717895,-8.445176,0,-6.675806,-1.76937,3,TRUE
4/1/2000,0.85228,-0.611048783,0,0.85228,2.378726,-1.526446,2,TRUE
5/1/2000,-0.087212,1.989258775,-1.743856,1.656644,-6.400218,6.313006,2,TRUE
6/1/2000,16.265431,-1.012045778,16.265431,0,11.366676,4.898755,2,TRUE
7/1/2000,1.816662,-0.356837631,2.488669,-0.672007,2.048594,-0.231932,2,TRUE
8/1/2000,-8.391412,0.178254521,-7.029726,-1.361686,-4.765312,-3.6261,2,TRUE
9/1/2000,-3.257929,0.50002942,-3.257929,0,-3.226793,-0.031136,1,TRUE
10/1/2000,8.003464,0.343892886,7.867183,0.136281,2.902834,5.10063,2,TRUE
11/1/2000,-2.232028,-0.126091229,-0.145085,-2.086943,-0.713094,-1.518934,3,TRUE
12/1/2000,2.222622,0.379688001,0,2.222622,-0.10197,2.324592,1,TRUE
1/1/2001,1.048891,-0.192447108,1.048891,0,1.139404,-0.090513,2,TRUE
2/1/2001,1.723784,0.333627512,0,1.723784,-0.204204,1.927988,2,TRUE
3/1/2001,9.980681,-0.585069542,9.383062,0.597619,6.859912,3.120769,3,TRUE
4/1/2001,19.131257,0.984079213,0,19.131257,6.421035,12.710222,2,TRUE
5/1/2001,-22.435904,0.763245273,-22.435904,0,-13.656878,-8.779026,2,TRUE
6/1/2001,5.251442,-0.071714959,0.381434,4.870008,2.854883,2.396559,2,TRUE
7/1/2001,4.521452,-0.233657627,2.397791,2.123661,3.007371,1.514081,2,TRUE
8/1/2001,2.70006,-1.167088156,6.588776,-3.888716,5.079423,-2.379363,2,TRUE
9/1/2001,1.750322,-0.708215348,1.750322,0,3.13824,-1.387918,1,TRUE
10/1/2001,11.293616,0.415907502,3.07951,8.214106,4.317789,6.975827,2,TRUE
11/1/2001,2.910308,-0.517173852,2.910308,0,3.107767,-0.197459,1,TRUE
12/1/2001,2.993614,-0.364115081,2.993614,0,2.660325,0.333289,1,TRUE
1/1/2002,2.151401,0.022567322,0,2.151401,1.003587,1.147814,1,TRUE
2/1/2002,3.331323,0.730119988,0,3.331323,-0.667414,3.998737,1,TRUE
3/1/2002,1.292965,0.203278026,0,1.292965,-0.003086,1.296051,1,TRUE
4/1/2002,-1.444043,-0.148461665,0,-1.444043,-0.247617,-1.196426,1,TRUE
5/1/2002,4.816253,-0.253706095,4.816253,0,3.218836,1.597417,1,TRUE
6/1/2002,0.56614,-0.282230684,0.56614,0,1.184929,-0.618789,1,TRUE
7/1/2002,-0.811203,-0.237172852,0,-0.811203,0.352277,-1.16348,1,TRUE
8/1/2002,0.243579,-0.526377317,0.243579,0,1.803811,-1.560232,1,TRUE
9/1/2002,-2.415563,-0.880993009,0,-2.415563,1.607403,-4.022966,1,TRUE
10/1/2002,3.18035,-0.184623307,3.18035,0,2.180133,1.000217,1,TRUE
11/1/2002,2.935042,-1.604549611,2.935042,0,6.594808,-3.659766,1,TRUE
12/1/2002,-4.50519,-0.891277315,0,-4.50519,0.595453,-5.100643,1,TRUE
1/1/2003,2.507048,1.237449071,0,2.507048,-2.700705,5.207753,1,TRUE
2/1/2003,2.087284,-1.404713614,2.087284,0,5.532359,-3.445075,1,TRUE
3/1/2003,4.567419,-1.385582582,4.567419,0,6.711294,-2.143875,1,TRUE
4/1/2003,2.138047,-0.236794943,2.138047,0,1.825694,0.312353,1,TRUE
5/1/2003,3.954338,-1.121562166,3.954338,0,5.561085,-1.606747,1,TRUE
6/1/2003,-5.736985,-0.937799933,0,-5.736985,0.128217,-5.865202,1,TRUE
7/1/2003,1.462701,0.172592151,0.67338,0.789321,0.179838,1.282863,2,TRUE
8/1/2003,0,0,0,0,0,0,0,FALSE
9/1/2003,-0.495493,-0.151109047,0,-0.495493,0.235118,-0.730611,1,TRUE
10/1/2003,1.46319,-0.779187046,1.46319,0,3.221462,-1.758272,1,TRUE
11/1/2003,0.460028,0.101156847,0,0.460028,-0.093229,0.553257,1,TRUE
12/1/2003,-0.94228,-0.465280593,0,-0.94228,1.015649,-1.957929,1,TRUE
1/1/2004,-0.573457,0.322019163,-0.573457,0,-1.31573,0.742273,1,TRUE
2/1/2004,-0.850886,-0.082214068,0,-0.850886,-0.162731,-0.688155,1,TRUE
3/1/2004,4.049611,0.246645375,0,4.049611,1.236658,2.812953,1,TRUE
4/1/2004,7.505472,-0.378458708,7.505472,0,4.962089,2.543383,1,TRUE
5/1/2004,1.092139,-0.375669423,1.092139,0,1.746509,-0.65437,1,TRUE
6/1/2004,-1.074748,0.163673966,-1.074748,0,-1.060389,-0.014359,1,TRUE
7/1/2004,0.05065,-0.262121499,0.05065,0,0.862926,-0.812276,1,TRUE
8/1/2004,0.078105,0.055902635,0,0.078105,-0.139583,0.217688,1,TRUE
9/1/2004,1.244831,-0.162259396,1.244831,0,1.14091,0.103921,1,TRUE
10/1/2004,-1.212353,-0.060970132,0,-1.212353,-0.411348,-0.801005,1,TRUE
11/1/2004,-0.557493,-0.07725479,0,-0.557493,-0.031881,-0.525612,1,TRUE
12/1/2004,1.356331,-0.346588746,1.356331,0,1.785679,-0.429348,1,TRUE
1/1/2005,-3.418397,0.024233281,-3.418397,0,-1.786635,-1.631762,1,TRUE
2/1/2005,-0.347875,-0.328877728,0,-0.347875,0.876981,-1.224856,1,TRUE
3/1/2005,-0.731125,0.169307954,-0.731125,0,-0.906581,0.175456,1,TRUE
4/1/2005,-1.377105,-0.313127566,0,-1.377105,0.312037,-1.689142,1,TRUE
5/1/2005,0.149892,0.255663488,0,0.149892,-0.742018,0.89191,1,TRUE
6/1/2005,1.537408,-0.143928176,1.537408,0,1.228622,0.308786,1,TRUE
7/1/2005,1.965538,0.933380774,0,1.965538,-1.999819,3.965357,1,TRUE
8/1/2005,0.107421,-0.052428432,0.107421,0,0.221244,-0.113823,1,TRUE
9/1/2005,-0.47819,0.117994473,-0.47819,0,-0.616143,0.137953,1,TRUE
10/1/2005,-0.192305,0.196845205,-0.192305,0,-0.725165,0.53286,1,TRUE
11/1/2005,-1.071439,0.658218209,-1.071439,0,-2.639035,1.567596,1,TRUE
12/1/2005,-2.746957,0.468173717,-2.746957,0,-2.869513,0.122556,1,TRUE
1/1/2006,-2.280912,0.11555121,-2.280912,0,-1.509696,-0.771216,1,TRUE
2/1/2006,-0.868854,0.034448051,-0.868854,0,-0.544505,-0.324349,1,TRUE
3/1/2006,0.853535,-0.543618067,0.853535,0,2.163882,-1.310347,1,TRUE
4/1/2006,-9.228841,0.317085568,-9.228841,0,-5.627657,-3.601184,1,TRUE
5/1/2006,-0.218679,-0.039669077,0,-0.218679,0.017422,-0.236101,1,TRUE
6/1/2006,-4.119435,0.590529581,-4.119435,0,-3.946736,-0.172699,1,TRUE
7/1/2006,2.041669,-0.12308404,2.041669,0,1.414146,0.627523,1,TRUE
8/1/2006,2.877519,-0.018986801,2.877519,0,1.499431,1.378088,2,TRUE
9/1/2006,0,0,0,0,0,0,0,FALSE
10/1/2006,-0.019648,0.094621906,-0.019648,0,-0.312185,0.292537,1,TRUE
11/1/2006,-0.557832,-0.900673254,0,-0.557832,2.599157,-3.156989,1,TRUE
12/1/2006,1.998066,0.697180659,0,1.998066,-1.228785,3.226851,1,TRUE
1/1/2007,-4.247247,0.644947007,-4.247247,0,-4.184531,-0.062716,1,TRUE
2/1/2007,0.775,-0.254627686,0.775,0,1.201155,-0.426155,1,TRUE
3/1/2007,1.015718,0.085447255,0,1.015718,0.234815,0.780903,1,TRUE
4/1/2007,-0.357668,-0.32149992,0,-0.357668,0.848509,-1.206177,1,TRUE
5/1/2007,-0.286687,-0.117384204,0,-0.286687,0.231754,-0.518441,1,TRUE
6/1/2007,-0.706903,-0.110733824,0,-0.706903,0.000395,-0.707298,1,TRUE
7/1/2007,0.069578,-0.12065965,0.069578,0,0.420353,-0.350775,1,TRUE
8/1/2007,-0.341222,-0.051028553,0,-0.341222,-0.007551,-0.333671,1,TRUE
9/1/2007,-3.905494,0.526312027,-3.905494,0,-3.63456,-0.270934,1,TRUE
10/1/2007,-0.198323,-0.083217068,0,-0.198323,0.166756,-0.365079,1,TRUE
11/1/2007,-2.028751,-0.349102777,0,-2.028751,0.101171,-2.129922,1,TRUE
12/1/2007,1.968213,-0.381738082,1.968213,0,2.203938,-0.235725,1,TRUE
1/1/2008,-0.180422,-0.295615027,0,-0.180422,0.854417,-1.034839,1,TRUE
2/1/2008,-4.997862,-0.605038241,0,-4.997862,-0.565551,-4.432311,1,TRUE
3/1/2008,2.968341,-0.564470605,2.968341,0,3.287918,-0.319577,1,TRUE
4/1/2008,0.104058,0.049974745,0,0.104058,-0.107664,0.211722,1,TRUE
5/1/2008,-1.125112,-0.425319728,0,-1.125112,0.79654,-1.921652,1,TRUE
6/1/2008,14.663536,-0.433983634,14.663536,0,8.718549,5.944987,1,TRUE
7/1/2008,-8.584979,1.353200622,-8.584979,0,-8.616599,0.03162,1,TRUE
8/1/2008,-4.167908,-0.637270003,0,-4.167908,-0.047578,-4.12033,1,TRUE
9/1/2008,-0.703351,-0.755483514,0,-0.703351,2.062448,-2.765799,1,TRUE
10/1/2008,-5.771144,-0.810760493,0,-5.771144,-0.294813,-5.476331,1,TRUE
11/1/2008,20.356323,-1.304281935,20.356323,0,14.345953,6.01037,1,TRUE
12/1/2008,5.053506,-1.477845993,5.053506,0,7.249163,-2.195657,1,TRUE
1/1/2009,-2.512442,-0.571526476,0,-2.512442,0.570074,-3.082516,1,TRUE
2/1/2009,-5.769535,-0.458091676,0,-5.769535,-1.42095,-4.348585,1,TRUE
3/1/2009,0.445032,0.228659642,0,0.445032,-0.508159,0.953191,1,TRUE
4/1/2009,8.397578,-0.051060895,8.397578,0,4.361952,4.035626,1,TRUE
5/1/2009,-2.420993,-0.292221535,0,-2.420993,-0.276712,-2.144281,1,TRUE
6/1/2009,3.906212,0.012024289,0,3.906212,1.914683,1.991529,1,TRUE
7/1/2009,-6.735439,-1.669597632,0,-6.735439,1.967426,-8.702865,1,TRUE
8/1/2009,0.155789,-0.095447892,0.155789,0,0.382895,-0.227106,1,TRUE
9/1/2009,-4.359971,-0.219099208,0,-4.359971,-1.479861,-2.88011,1,TRUE
10/1/2009,-2.371474,-0.173400425,0,-2.371474,-0.631641,-1.739833,1,TRUE
11/1/2009,-1.564801,0.807551135,-1.564801,0,-3.362904,1.798103,1,TRUE
12/1/2009,-4.028144,0.314817376,-4.028144,0,-3.020061,-1.008083,1,TRUE
1/1/2010,-1.163297,-0.181830713,0,-1.163297,-0.000614,-1.162683,1,TRUE
2/1/2010,-0.499753,-0.957506306,0,-0.499753,2.809804,-3.309557,1,TRUE
3/1/2010,-1.272101,0.307755208,-1.272101,0,-1.619472,0.347371,1,TRUE
4/1/2010,0.437178,-0.100280726,0.437178,0,0.539033,-0.101855,1,TRUE
5/1/2010,0.827933,-0.692771714,0.827933,0,2.627696,-1.799763,1,TRUE
6/1/2010,-0.347028,0.687814364,-0.347028,0,-2.371403,2.024375,1,TRUE
7/1/2010,4.731421,0.576790906,0,4.731421,0.522594,4.208827,1,TRUE
8/1/2010,-1.005624,-0.601873012,0,-1.005624,1.420454,-2.426078,1,TRUE
9/1/2010,-1.346843,-0.118663757,0,-1.346843,-0.294235,-1.052608,1,TRUE
10/1/2010,-0.116462,0.069170795,-0.116462,0,-0.279264,0.162802,1,TRUE
11/1/2010,-0.818854,-0.124715077,0,-0.818854,-0.010904,-0.80795,1,TRUE
12/1/2010,-2.804828,-0.287375383,0,-2.804828,-0.484115,-2.320713,1,TRUE
1/1/2011,3.585037,-0.016164673,3.585037,0,1.844172,1.740865,1,TRUE
2/1/2011,-3.892589,0.158118655,-3.892589,0,-2.451558,-1.441031,1,TRUE
3/1/2011,13.050545,-0.157459333,13.050545,0,7.028429,6.022116,1,TRUE
4/1/2011,1.699045,0.342264608,0,1.699045,-0.244173,1.943218,1,TRUE
5/1/2011,-10.46358,0.226453329,-10.46358,0,-5.955414,-4.508166,1,TRUE
6/1/2011,-1.749363,0.20654227,-1.749363,0,-1.534681,-0.214682,1,TRUE
7/1/2011,1.415269,0.645466471,0,1.415269,-1.354933,2.770202,1,TRUE
8/1/2011,-16.380186,-1.196629578,0,-16.380186,-4.366301,-12.013885,1,TRUE
9/1/2011,0.206557,-0.345565514,0.206557,0,1.207522,-1.000965,1,TRUE
10/1/2011,15.65095,-0.874495698,15.65095,0,10.619898,5.031052,1,TRUE
11/1/2011,-13.311595,0.167902537,-13.311595,0,-7.192325,-6.11927,1,TRUE
12/1/2011,-0.599055,-1.14186083,0,-0.599055,3.349252,-3.948307,1,TRUE
1/1/2012,-0.210393,-0.855914502,0,-0.210393,2.629851,-2.840244,1,TRUE
2/1/2012,0.102029,0.464658735,0,0.102029,-1.433788,1.535817,1,TRUE
3/1/2012,-0.147575,-0.236820951,0,-0.147575,0.682966,-0.830541,1,TRUE
4/1/2012,0.076793,-0.201766453,0.076793,0,0.683135,-0.606342,1,TRUE
5/1/2012,1.514238,-1.057309064,1.514238,0,4.135716,-2.621478,1,TRUE
6/1/2012,2.711535,-0.620527275,2.711535,0,3.338643,-0.627108,1,TRUE
7/1/2012,-11.405272,-1.559244559,0,-11.405272,-0.72012,-10.685152,1,TRUE
8/1/2012,3.011699,-2.769543724,3.011699,0,10.355838,-7.344139,1,TRUE
9/1/2012,0.380316,1.15497069,0,0.380316,-3.500514,3.88083,1,TRUE
10/1/2012,0.457766,-0.097193447,0.457766,0,0.539462,-0.081696,1,TRUE
11/1/2012,1.265536,-0.037631159,1.265536,0,0.753017,0.512519,1,TRUE
12/1/2012,-0.859967,-0.017691831,0,-0.859967,-0.37345,-0.486517,1,TRUE
1/1/2013,1.490276,0.332287414,0,1.490276,-0.316676,1.806952,1,TRUE
2/1/2013,-1.616344,-0.049772888,0,-1.616344,-0.649124,-0.96722,1,TRUE
3/1/2013,1.303035,-0.060614965,1.303035,0,0.845211,0.457824,1,TRUE
4/1/2013,-0.230515,-0.826106968,0,-0.230515,2.524541,-2.755056,1,TRUE
5/1/2013,-1.073778,0.003689329,-1.073778,0,-0.548678,-0.5251,1,TRUE
6/1/2013,1.708378,-0.740490337,1.708378,0,3.220402,-1.512024,1,TRUE
7/1/2013,-1.851947,1.605338893,-1.851947,0,-6.055783,4.203836,1,TRUE
8/1/2013,0.845325,0.222118587,0,0.845325,-0.28711,1.132435,1,TRUE
9/1/2013,-0.499894,0.119633884,-0.499894,0,-0.632233,0.132339,1,TRUE
10/1/2013,0.068124,-0.201354071,0.068124,0,0.677482,-0.609358,1,TRUE
11/1/2013,-1.191752,0.922527796,-1.191752,0,-3.543784,2.352032,1,TRUE
12/1/2013,1.366593,-0.346216518,1.366593,0,1.78962,-0.423027,1,TRUE
1/1/2014,-0.764742,-0.351263273,0,-0.764742,0.74008,-1.504822,1,TRUE
2/1/2014,4.025058,0.024102516,0,4.025058,1.93551,2.089548,1,TRUE
3/1/2014,4.250661,-0.320062253,4.250661,0,3.148079,1.102582,1,TRUE
4/1/2014,2.29283,0.794019097,0,2.29283,-1.390848,3.683678,1,TRUE
5/1/2014,0.478399,0.24032696,0,0.478399,-0.528758,1.007157,1,TRUE
6/1/2014,-2.427725,0.758521647,-2.427725,0,-3.637694,1.209969,1,TRUE
7/1/2014,-0.491071,0.481366346,-0.491071,0,-1.783726,1.292655,1,TRUE
8/1/2014,0.258085,0.018379216,0,0.258085,0.070312,0.187773,1,TRUE
9/1/2014,-6.490824,0.994292288,-6.490824,0,-6.422641,-0.068183,1,TRUE
10/1/2014,0.52277,-1.61119242,0.52277,0,5.409899,-4.887129,1,TRUE
11/1/2014,0.267233,1.193556477,0,0.267233,-3.680355,3.947588,1,TRUE
12/1/2014,0.763184,-1.631895951,0.763184,0,5.596263,-4.833079,1,TRUE
1/1/2015,-0.748876,0.48445007,-0.748876,0,-1.922483,1.173607,1,TRUE
2/1/2015,0,0,0,0,0,0,0,FALSE
3/1/2015,-0.350029,-0.065890381,0,-0.350029,0.035536,-0.385565,1,TRUE
4/1/2015,0.668508,0.14934876,0,0.668508,-0.142985,0.811493,1,TRUE
5/1/2015,0,0,0,0,0,0,0,FALSE
6/1/2015,-0.274498,-0.319661971,0,-0.274498,0.884221,-1.158719,1,TRUE
7/1/2015,0.062375,0.055404673,0,0.062375,-0.145856,0.208231,1,TRUE
8/1/2015,0,0,0,0,0,0,0,FALSE
9/1/2015,-0.182346,0.963531198,-0.182346,0,-3.170106,2.98776,1,TRUE
10/1/2015,-2.087993,2.006935738,-2.087993,0,-7.457095,5.369102,1,TRUE
11/1/2015,0,0,0,0,0,0,0,FALSE
12/1/2015,9.744711,-3.645853518,9.744711,0,16.522564,-6.777853,1,TRUE
1/1/2016,-2.145472,0.400713909,-2.145472,0,-2.353204,0.207732,1,TRUE
2/1/2016,0,0,0,0,0,0,0,FALSE
3/1/2016,4.991299,0.68863376,0,4.991299,0.295142,4.696157,1,TRUE
4/1/2016,0.160388,-0.248670697,0.160388,0,0.874813,-0.714425,1,TRUE
5/1/2016,0,0,0,0,0,0,0,FALSE
6/1/2016,-0.052967,-0.45169528,0,-0.052967,1.416894,-1.469861,1,TRUE
7/1/2016,2.557551,0.268560697,0,2.557551,0.420598,2.136953,1,TRUE
8/1/2016,0,0,0,0,0,0,0,FALSE
9/1/2016,1.340886,-0.706778672,1.340886,0,2.928932,-1.588046,1,TRUE
10/1/2016,-0.054757,0.098839863,-0.054757,0,-0.343218,0.288461,1,TRUE
11/1/2016,0,0,0,0,0,0,0,FALSE
12/1/2016,0.124976,0.761089152,0,0.124976,-2.369548,2.494524,1,TRUE
1/1/2017,-0.011557,0.353983744,-0.011557,0,-1.136922,1.125365,1,TRUE
2/1/2017,0,0,0,0,0,0,0,FALSE
3/1/2017,0.090561,0.392688206,0,0.090561,-1.209542,1.300103,1,TRUE
4/1/2017,-0.279541,0.025235249,-0.279541,0,-0.220409,-0.059132,1,TRUE
5/1/2017,0,0,0,0,0,0,0,FALSE
6/1/2017,-0.149643,-0.169991,0,-0.149643,0.468379,-0.618022,1,TRUE
7/1/2017,-1.13211,0.056051304,-1.13211,0,-0.745165,-0.386945,1,TRUE
8/1/2017,0,0,0,0,0,0,0,FALSE
9/1/2017,0.108011,0.056649053,0,0.108011,-0.127015,0.235026,1,TRUE
10/1/2017,0.144551,0.400000844,0,0.144551,-1.205914,1.350465,1,TRUE
11/1/2017,0,0,0,0,0,0,0,FALSE
12/1/2017,-0.183747,0.198614748,-0.183747,0,-0.726541,0.542794,1,TRUE
1/1/2018,-0.002594,-0.606828781,0,-0.002594,1.937805,-1.940399,1,TRUE
2/1/2018,0,0,0,0,0,0,0,FALSE
3/1/2018,0.24041,0.662802365,0,0.24041,-1.997759,2.238169,1,TRUE
4/1/2018,-0.080897,-0.123114981,0,-0.080897,0.352961,-0.433858,1,TRUE
5/1/2018,0,0,0,0,0,0,0,FALSE
6/1/2018,-0.613292,1.240829427,-0.613292,0,-4.271677,3.658385,1,TRUE
7/1/2018,0,0.235891422,0,0,-0.753783,0.753783,1,TRUE
8/1/2018,0,0,0,0,0,0,0,FALSE
9/1/2018,-0.093976,-0.186954191,0,-0.093976,0.550418,-0.644394,1,TRUE
10/1/2018,0.175346,-0.598837432,0.175346,0,2.001239,-1.825893,1,TRUE
11/1/2018,0,0,0,0,0,0,0,FALSE
12/1/2018,-0.059588,0.120556038,-0.059588,0,-0.415027,0.355439,1,TRUE
1/1/2019,-0.386179,-0.610871314,0,-0.386179,1.75893,-2.145109,1,TRUE
2/1/2019,0,0,0,0,0,0,0,FALSE
3/1/2019,-0.574025,-0.361680375,0,-0.574025,0.868726,-1.442751,1,TRUE
4/1/2019,-0.291976,0.039934905,-0.291976,0,-0.273599,-0.018377,1,TRUE
5/1/2019,0,0,0,0,0,0,0,FALSE
6/1/2019,2.344134,-0.590257025,2.344134,0,3.058214,-0.71408,1,TRUE
7/1/2019,3.712502,-0.73933,3.712502,0,4.218756,-0.506254,1,TRUE
8/1/2019,0,0,0,0,0,0,0,FALSE
9/1/2019,6.70526,0.042317,0,6.70526,3.217407,3.487853,1,TRUE
10/1/2019,0.099387,-0.22371,0.099387,0,0.764552,-0.665165,1,TRUE
11/1/2019,0,0,0,0,0,0,0,FALSE
12/1/2019,0.068888,0.3329,0,0.068888,-1.029327,1.098215,1,TRUE
1/1/2020,0.568954,-0.470577457,0.568954,0,1.788192,-1.219238,1,TRUE
2/1/2020,0,0,0,0,0,0,0,FALSE
3/1/2020,12.527521,-3.984674707,12.527521,0,18.996661,-6.46914,1,TRUE
4/1/2020,1.625017,-1.138543366,1.625017,0,4.450687,-2.82567,1,TRUE
5/1/2020,0,0,0,0,0,0,0,FALSE
6/1/2020,0.296741,0.0227422,0,0.296741,0.075699,0.221042,1,TRUE
7/1/2020,-0.388378,0.268275073,-0.388378,0,-1.051453,0.663075,1,TRUE
8/1/2020,0,0,0,0,0,0,0,FALSE
9/1/2020,0.952937,0.505103406,0,0.952937,-1.137573,2.09051,1,TRUE
10/1/2020,-0.61358,1.293737727,-0.61358,0,-4.440888,3.827308,1,TRUE
11/1/2020,0,0,0,0,0,0,0,FALSE
12/1/2020,1.491544,-0.693229282,1.491544,0,2.960964,-1.46942,1,TRUE
1/1/2021,0.259123,-0.342275253,0.259123,0,1.223291,-0.964168,1,TRUE
2/1/2021,0,0,0,0,0,0,0,FALSE
3/1/2021,1.260995,0.107737628,0,1.260995,0.286225,0.97477,1,TRUE
4/1/2021,-0.154904,-0.083392067,0,-0.154904,0.189025,-0.343929,1,TRUE
5/1/2021,0,0,0,0,0,0,0,FALSE
6/1/2021,-0.093057,0.474655206,-0.093057,0,-1.563274,1.470217,1,TRUE
7/1/2021,-0.037329,-0.234586766,0,-0.037329,0.73095,-0.768279,1,TRUE
8/1/2021,0,0,0,0,0,0,0,FALSE
9/1/2021,0.163094,0.465143772,0,0.163094,-1.404805,1.567899,1,TRUE
10/1/2021,0.051426,-0.201671055,0.051426,0,0.670146,-0.61872,1,TRUE
11/1/2021,0,0,0,0,0,0,0,FALSE
12/1/2021,-0.310109,-0.686763892,0,-0.310109,2.039478,-2.349587,1,TRUE
1/1/2022,0,0,0,0,0,0,0,FALSE
2/1/2022,1.661836,-0.967914359,1.661836,0,3.923857,-2.262021,1,TRUE
3/1/2022,1.447559,-0.136159183,1.447559,0,1.158872,0.288687,1,TRUE
4/1/2022,-3.931978,0.23683001,-3.931978,0,-2.722772,-1.209206,1,TRUE
5/1/2022,0,0,0,0,0,0,0,FALSE
6/1/2022,-1.016744,-1.410962936,0,-1.016744,4.000315,-5.017059,1,TRUE
7/1/2022,12.891097,0.119942578,0,12.891097,6.062276,6.828821,1,TRUE
8/1/2022,0,0,0,0,0,0,0,FALSE
9/1/2022,11.676716,-0.223804359,11.676716,0,6.553518,5.123198,1,TRUE
10/1/2022,-5.582034,0.642207388,-5.582034,0,-4.84317,-0.738864,1,TRUE
11/1/2022,0,0,0,0,0,0,0,FALSE
12/1/2022,3.554468,-2.179502961,3.554468,0,8.741766,-5.187298,1,TRUE
1/1/2023,0,0,0,0,0,0,0,FALSE
2/1/2023,-2.086665,0.557844918,-2.086665,0,-2.825908,0.739243,1,TRUE
3/1/2023,20.070884,1.148731492,0,20.070884,6.364707,13.706177,1,TRUE
4/1/2023,0,0,0,0,0,0,0,FALSE
5/1/2023,-7.650735,0.506972788,-7.650735,0,-5.445383,-2.205352,1,TRUE
6/1/2023,1.523474,0.141153566,0,1.523474,0.310685,1.212789,1,TRUE
7/1/2023,-2.16989,0.57790662,-2.16989,0,-2.931627,0.761737,1,TRUE
8/1/2023,0,0,0,0,0,0,0,FALSE
9/1/2023,7.321966,1.020578282,0,7.321966,0.399758,6.922208,1,TRUE
10/1/2023,-2.011099,0.472046352,-2.011099,0,-2.513959,0.50286,1,TRUE
11/1/2023,0,0,0,0,0,0,0,FALSE
12/1/2023,2.769385,-0.595502922,2.769385,0,3.287603,-0.518218,1,TRUE
1/1/2024,-3.942763,0.731065661,-3.942763,0,-4.307478,0.364715,1,TRUE
2/1/2024,0,0,0,0,0,0,0,FALSE
3/1/2024,-0.360129,0.716913396,-0.360129,0,-2.470938,2.110809,1,TRUE
4/1/2024,0.057553,0.22450535,0,0.057553,-0.688623,0.746176,1,TRUE
5/1/2024,0,0,0,0,0,0,0,FALSE
6/1/2024,1.676714,-0.204191333,1.676714,0,1.490844,0.18587,1,TRUE
7/1/2024,-0.585817,0.107337737,-0.585817,0,-0.635903,0.050086,1,TRUE
8/1/2024,0,0,0,0,0,0,0,FALSE
9/1/2024,1.640871,-0.762169503,1.640871,0,3.255924,-1.615053,1,TRUE
10/1/2024,-3.285811,0.133201681,-3.285811,0,-2.068547,-1.217264,1,TRUE
11/1/2024,0,0,0,0,0,0,0,FALSE
12/1/2024,2.785655,0.245282349,0,2.785655,0.609036,2.176619,1,TRUE
1/1/2025,-1.682206,0.011574939,-1.682206,0,-0.87809,-0.804116,1,TRUE
2/1/2025,0,0,0,0,0,0,0,FALSE
3/1/2025,2.42922,0.440792766,0,2.42922,-0.193929,2.623149,1,TRUE
4/1/2025,-5.719752,0.126644754,-5.719752,0,-3.264565,-2.455187,1,TRUE
5/1/2025,0,0,0,0,0,0,0,FALSE
6/1/2025,1.733131,-0.469747483,1.733131,0,2.367629,-0.634498,1,TRUE
7/1/2025,2.28944,-0.391524021,2.28944,0,2.395822,-0.106382,1,TRUE
8/1/2025,0,0,0,0,0,0,0,FALSE
9/1/2025,-1.364031,0.272203484,-1.364031,0,-1.551833,0.187802,1,TRUE
10/1/2025,0.127043,0.353198276,0,0.127043,-1.065112,1.192155,1,TRUE
