Country,Maturity,mean_yield,std_yield,min_yield,max_yield,mean_spread,std_spread
Austria,10Y,2.710502661064426,1.7439613815434893,-0.485,5.879,0.2989251749250321,0.23691800766960516
Austria,2Y,1.6513033613445378,1.795707473629087,-0.865,5.442,0.10413836477987422,0.15284272427878148
Austria,5Y,2.112692156862745,1.8076518479619799,-0.758,5.602,0.2120656861345138,0.23278341483261578
Belgium,10Y,2.880024353120244,1.7269393638019845,-0.436,5.923,0.4511072083509663,0.3922020846998358
Belgium,2Y,1.728707209077072,1.7745048106621644,-0.833,5.387,0.16544648404405535,0.3509537303706868
Belgium,5Y,3.129381624463816,1.6716402672690178,-0.214,6.076,1.213609762979684,0.6375682130361262
France,10Y,2.7724679673446797,1.6616482440583997,-0.439,5.758,0.34300592467202706,0.266010442031199
France,2Y,1.6710142521101425,1.761379882097518,-0.837,5.352,0.10750042360914995,0.13234836350844073
France,5Y,2.1381938563719385,1.7354321735144227,-0.798,5.427,0.22161582957110607,0.2131447924309088
Germany,10Y,2.4303550295857987,1.7548617579955614,-0.858,5.644,0.0,0.0
Germany,2Y,1.5664491609081936,1.778564081703364,-1.014,5.3,0.0,0.0
Germany,5Y,1.917712695505143,1.7929070048583713,-0.991,5.278,0.0,0.0
Greece,10Y,6.683144006278203,5.8344083167577745,0.534,33.702,5.059687675070028,5.8632200645726655
Greece,2Y,39.80094192662351,75.40270094532057,-0.533,230.37,38.623553396113,75.43217523217007
Greece,5Y,11.790440062782029,16.385458712893367,-0.251,57.371,10.672766906762705,16.66451663138851
Ireland,10Y,3.430630670470756,2.370873032702477,-0.334,13.786,1.0642272661137786,1.8266093263512173
Ireland,2Y,2.295327389443652,2.398675585120653,-0.743,22.362,0.7825818526070493,1.8400650009299417
Ireland,5Y,2.612691440798859,2.2649013693968016,-0.66,16.849,0.7542214462389059,1.6787135175671548
Italy,10Y,3.6173720399429383,1.413001086294751,0.455,7.244,1.2492060235704932,0.9889126545847912
Italy,2Y,2.135018830242511,1.6318394082763013,-0.521,7.583,0.6199769880570929,0.8134729444617814
Italy,5Y,2.838963480741797,1.5518568406803777,-0.126,7.703,0.9794719918521752,1.0086257340991103
Netherlands,10Y,2.5944107843137254,1.7442265028700052,-0.652,5.816,0.18248993288590606,0.131896640590096
Netherlands,2Y,1.5787193277310925,1.7863636941363243,-0.901,5.345,0.03151429388221841,0.08954925772876594
Netherlands,5Y,2.0061707282913166,1.8010747750357161,-0.868,5.455,0.10557960873911182,0.13572290413860147
Portugal,10Y,3.991843557422969,2.3636385928712205,-0.059,16.605,1.5825681850635442,2.2232883524184177
Portugal,2Y,2.6309781512605044,2.8421015407183154,-0.814,19.436,1.084519296740995,2.6798000527760406
Portugal,5Y,3.354110224089636,2.8615992860726487,-0.546,21.748,1.4573631300871057,2.7803758160724237
Spain,10Y,3.3674454130344538,1.61837982137202,-0.019,7.566,0.9384961207504584,1.0096009503893077
Spain,2Y,2.0526232184862323,1.6781314909743277,-0.694,6.571,0.4868751765038125,0.8456395185917255
Spain,5Y,2.6392774318527743,1.7046399960974743,-0.457,7.498,0.723737020316027,1.0138088249473436
