Date,MP_Shock,CBI_Shock
1999-01-01,0.02914637,-0.06311121
1999-02-01,-0.00556514,0.00556514
1999-03-01,-0.00592203,0.00323799
1999-04-01,-0.00679893,-0.00330584
1999-05-01,0.01543059,-0.00936631
1999-06-01,0.00768436,-0.01317122
1999-07-01,-0.00494872,0.02780708
1999-08-01,0.00678846,-0.00826848
1999-09-01,-0.04166781,-0.00527997
1999-10-01,-0.06815947,-0.10613335
1999-11-01,0.01057526,0.04684463
1999-12-01,-0.00790024,0.00763541
2000-01-01,0.01150505,-0.02335973
2000-02-01,-0.04027945,0.06481814
2000-03-01,-0.06675806,-0.0176937
2000-04-01,0.02378726,-0.01526446
2000-05-01,-0.06400218,0.06313006
2000-06-01,0.11366676,0.04898755
2000-07-01,0.02048594,-0.00231932
2000-08-01,-0.04765312,-0.036261
2000-09-01,-0.03226793,-0.00031136
2000-10-01,0.02902834,0.0510063
2000-11-01,-0.00713094,-0.01518934
2000-12-01,-0.0010197,0.02324592
2001-01-01,0.01139404,-0.00090513
2001-02-01,-0.00204204,0.01927988
2001-03-01,0.06859912,0.03120769
2001-04-01,0.06421035,0.12710222
2001-05-01,-0.13656878,-0.08779026
2001-06-01,0.02854883,0.02396559
2001-07-01,0.03007371,0.01514081
2001-08-01,0.05079423,-0.02379363
2001-09-01,0.0313824,-0.01387918
2001-10-01,0.04317789,0.06975827
2001-11-01,0.03107767,-0.00197459
2001-12-01,0.02660325,0.00333289
2002-01-01,0.01003587,0.01147814
2002-02-01,-0.00667414,0.03998737
2002-03-01,-3.086e-05,0.01296051
2002-04-01,-0.00247617,-0.01196426
2002-05-01,0.03218836,0.01597417
2002-06-01,0.01184929,-0.00618789
2002-07-01,0.00352277,-0.0116348
2002-08-01,0.01803811,-0.01560232
2002-09-01,0.01607403,-0.04022966
2002-10-01,0.02180133,0.01000217
2002-11-01,0.06594808,-0.03659766
2002-12-01,0.00595453,-0.05100643
2003-01-01,-0.02700705,0.05207753
2003-02-01,0.05532359,-0.03445075
2003-03-01,0.06711294,-0.02143875
2003-04-01,0.01825694,0.00312353
2003-05-01,0.05561085,-0.01606747
2003-06-01,0.00128217,-0.05865202
2003-07-01,0.00179838,0.01282863
2003-08-01,0.0,0.0
2003-09-01,0.00235118,-0.00730611
2003-10-01,0.03221462,-0.01758272
2003-11-01,-0.00093229,0.00553257
2003-12-01,0.01015649,-0.01957929
2004-01-01,-0.0131573,0.00742273
2004-02-01,-0.00162731,-0.00688155
2004-03-01,0.01236658,0.02812953
2004-04-01,0.04962089,0.02543383
2004-05-01,0.01746509,-0.0065437
2004-06-01,-0.01060389,-0.00014359
2004-07-01,0.00862926,-0.00812276
2004-08-01,-0.00139583,0.00217688
2004-09-01,0.0114091,0.00103921
2004-10-01,-0.00411348,-0.00801005
2004-11-01,-0.00031881,-0.00525612
2004-12-01,0.01785679,-0.00429348
2005-01-01,-0.01786635,-0.01631762
2005-02-01,0.00876981,-0.01224856
2005-03-01,-0.00906581,0.00175456
2005-04-01,0.00312037,-0.01689142
2005-05-01,-0.00742018,0.0089191
2005-06-01,0.01228622,0.00308786
2005-07-01,-0.01999819,0.03965357
2005-08-01,0.00221244,-0.00113823
2005-09-01,-0.00616143,0.00137953
2005-10-01,-0.00725165,0.0053286
2005-11-01,-0.02639035,0.01567596
2005-12-01,-0.02869513,0.00122556
2006-01-01,-0.01509696,-0.00771216
2006-02-01,-0.00544505,-0.00324349
2006-03-01,0.02163882,-0.01310347
2006-04-01,-0.05627657,-0.03601184
2006-05-01,0.00017422,-0.00236101
2006-06-01,-0.03946736,-0.00172699
2006-07-01,0.01414146,0.00627523
2006-08-01,0.01499431,0.01378088
2006-09-01,0.0,0.0
2006-10-01,-0.00312185,0.00292537
2006-11-01,0.02599157,-0.03156989
2006-12-01,-0.01228785,0.03226851
2007-01-01,-0.04184531,-0.00062716
2007-02-01,0.01201155,-0.00426155
2007-03-01,0.00234815,0.00780903
2007-04-01,0.00848509,-0.01206177
2007-05-01,0.00231754,-0.00518441
2007-06-01,3.95e-06,-0.00707298
2007-07-01,0.00420353,-0.00350775
2007-08-01,-7.551e-05,-0.00333671
2007-09-01,-0.0363456,-0.00270934
2007-10-01,0.00166756,-0.00365079
2007-11-01,0.00101171,-0.02129922
2007-12-01,0.02203938,-0.00235725
2008-01-01,0.00854417,-0.01034839
2008-02-01,-0.00565551,-0.04432311
2008-03-01,0.03287918,-0.00319577
2008-04-01,-0.00107664,0.00211722
2008-05-01,0.0079654,-0.01921652
2008-06-01,0.08718549,0.05944987
2008-07-01,-0.08616599,0.0003162
2008-08-01,-0.00047578,-0.0412033
2008-09-01,0.02062448,-0.02765799
2008-10-01,-0.00294813,-0.05476331
2008-11-01,0.14345953,0.0601037
2008-12-01,0.07249163,-0.02195657
2009-01-01,0.00570074,-0.03082516
2009-02-01,-0.0142095,-0.04348585
2009-03-01,-0.00508159,0.00953191
2009-04-01,0.04361952,0.04035626
2009-05-01,-0.00276712,-0.02144281
2009-06-01,0.01914683,0.01991529
2009-07-01,0.01967426,-0.08702865
2009-08-01,0.00382895,-0.00227106
2009-09-01,-0.01479861,-0.0288011
2009-10-01,-0.00631641,-0.01739833
2009-11-01,-0.03362904,0.01798103
2009-12-01,-0.03020061,-0.01008083
2010-01-01,-6.14e-06,-0.01162683
2010-02-01,0.02809804,-0.03309557
2010-03-01,-0.01619472,0.00347371
2010-04-01,0.00539033,-0.00101855
2010-05-01,0.02627696,-0.01799763
2010-06-01,-0.02371403,0.02024375
2010-07-01,0.00522594,0.04208827
2010-08-01,0.01420454,-0.02426078
2010-09-01,-0.00294235,-0.01052608
2010-10-01,-0.00279264,0.00162802
2010-11-01,-0.00010904,-0.0080795
2010-12-01,-0.00484115,-0.02320713
2011-01-01,0.01844172,0.01740865
2011-02-01,-0.02451558,-0.01441031
2011-03-01,0.07028429,0.06022116
2011-04-01,-0.00244173,0.01943218
2011-05-01,-0.05955414,-0.04508166
2011-06-01,-0.01534681,-0.00214682
2011-07-01,-0.01354933,0.02770202
2011-08-01,-0.04366301,-0.12013885
2011-09-01,0.01207522,-0.01000965
2011-10-01,0.10619898,0.05031052
2011-11-01,-0.07192325,-0.0611927
2011-12-01,0.03349252,-0.03948307
2012-01-01,0.02629851,-0.02840244
2012-02-01,-0.01433788,0.01535817
2012-03-01,0.00682966,-0.00830541
2012-04-01,0.00683135,-0.00606342
2012-05-01,0.04135716,-0.02621478
2012-06-01,0.03338643,-0.00627108
2012-07-01,-0.0072012,-0.10685152
2012-08-01,0.10355838,-0.07344139
2012-09-01,-0.03500514,0.0388083
2012-10-01,0.00539462,-0.00081696
2012-11-01,0.00753017,0.00512519
2012-12-01,-0.0037345,-0.00486517
2013-01-01,-0.00316676,0.01806952
2013-02-01,-0.00649124,-0.0096722
2013-03-01,0.00845211,0.00457824
2013-04-01,0.02524541,-0.02755056
2013-05-01,-0.00548678,-0.005251
2013-06-01,0.03220402,-0.01512024
2013-07-01,-0.06055783,0.04203836
2013-08-01,-0.0028711,0.01132435
2013-09-01,-0.00632233,0.00132339
2013-10-01,0.00677482,-0.00609358
2013-11-01,-0.03543784,0.02352032
2013-12-01,0.0178962,-0.00423027
2014-01-01,0.0074008,-0.01504822
2014-02-01,0.0193551,0.02089548
2014-03-01,0.03148079,0.01102582
2014-04-01,-0.01390848,0.03683678
2014-05-01,-0.00528758,0.01007157
2014-06-01,-0.03637694,0.01209969
2014-07-01,-0.01783726,0.01292655
2014-08-01,0.00070312,0.00187773
2014-09-01,-0.06422641,-0.00068183
2014-10-01,0.05409899,-0.04887129
2014-11-01,-0.03680355,0.03947588
2014-12-01,0.05596263,-0.04833079
2015-01-01,-0.01922483,0.01173607
2015-02-01,0.0,0.0
2015-03-01,0.00035536,-0.00385565
2015-04-01,-0.00142985,0.00811493
2015-05-01,0.0,0.0
2015-06-01,0.00884221,-0.01158719
2015-07-01,-0.00145856,0.00208231
2015-08-01,0.0,0.0
2015-09-01,-0.03170106,0.0298776
2015-10-01,-0.07457095,0.05369102
2015-11-01,0.0,0.0
2015-12-01,0.16522564,-0.06777853
2016-01-01,-0.02353204,0.00207732
2016-02-01,0.0,0.0
2016-03-01,0.00295142,0.04696157
2016-04-01,0.00874813,-0.00714425
2016-05-01,0.0,0.0
2016-06-01,0.01416894,-0.01469861
2016-07-01,0.00420598,0.02136953
2016-08-01,0.0,0.0
2016-09-01,0.02928932,-0.01588046
2016-10-01,-0.00343218,0.00288461
2016-11-01,0.0,0.0
2016-12-01,-0.02369548,0.02494524
2017-01-01,-0.01136922,0.01125365
2017-02-01,0.0,0.0
2017-03-01,-0.01209542,0.01300103
2017-04-01,-0.00220409,-0.00059132
2017-05-01,0.0,0.0
2017-06-01,0.00468379,-0.00618022
2017-07-01,-0.00745165,-0.00386945
2017-08-01,0.0,0.0
2017-09-01,-0.00127015,0.00235026
2017-10-01,-0.01205914,0.01350465
2017-11-01,0.0,0.0
2017-12-01,-0.00726541,0.00542794
2018-01-01,0.01937805,-0.01940399
2018-02-01,0.0,0.0
2018-03-01,-0.01997759,0.02238169
2018-04-01,0.00352961,-0.00433858
2018-05-01,0.0,0.0
2018-06-01,-0.04271677,0.03658385
2018-07-01,-0.00753783,0.00753783
2018-08-01,0.0,0.0
2018-09-01,0.00550418,-0.00644394
2018-10-01,0.02001239,-0.01825893
2018-11-01,0.0,0.0
2018-12-01,-0.00415027,0.00355439
2019-01-01,0.0175893,-0.02145109
2019-02-01,0.0,0.0
2019-03-01,0.00868726,-0.01442751
2019-04-01,-0.00273599,-0.00018377
2019-05-01,0.0,0.0
2019-06-01,0.03058214,-0.0071408
2019-07-01,0.04218756,-0.00506254
2019-08-01,0.0,0.0
2019-09-01,0.03217407,0.03487853
2019-10-01,0.00764552,-0.00665165
2019-11-01,0.0,0.0
2019-12-01,-0.01029327,0.01098215
2020-01-01,0.01788192,-0.01219238
2020-02-01,0.0,0.0
2020-03-01,0.18996661,-0.0646914
2020-04-01,0.04450687,-0.0282567
2020-05-01,0.0,0.0
2020-06-01,0.00075699,0.00221042
2020-07-01,-0.01051453,0.00663075
2020-08-01,0.0,0.0
2020-09-01,-0.01137573,0.0209051
2020-10-01,-0.04440888,0.03827308
2020-11-01,0.0,0.0
2020-12-01,0.02960964,-0.0146942
2021-01-01,0.01223291,-0.00964168
2021-02-01,0.0,0.0
2021-03-01,0.00286225,0.0097477
2021-04-01,0.00189025,-0.00343929
2021-05-01,0.0,0.0
2021-06-01,-0.01563274,0.01470217
2021-07-01,0.0073095,-0.00768279
2021-08-01,0.0,0.0
2021-09-01,-0.01404805,0.01567899
2021-10-01,0.00670146,-0.0061872
2021-11-01,0.0,0.0
2021-12-01,0.02039478,-0.02349587
2022-01-01,0.0,0.0
2022-02-01,0.03923857,-0.02262021
2022-03-01,0.01158872,0.00288687
2022-04-01,-0.02722772,-0.01209206
2022-05-01,0.0,0.0
2022-06-01,0.04000315,-0.05017059
2022-07-01,0.06062276,0.06828821
2022-08-01,0.0,0.0
2022-09-01,0.06553518,0.05123198
2022-10-01,-0.0484317,-0.00738864
2022-11-01,0.0,0.0
2022-12-01,0.08741766,-0.05187298
2023-01-01,0.0,0.0
2023-02-01,-0.02825908,0.00739243
2023-03-01,0.06364707,0.13706177
2023-04-01,0.0,0.0
2023-05-01,-0.05445383,-0.02205352
2023-06-01,0.00310685,0.01212789
2023-07-01,-0.02931627,0.00761737
2023-08-01,0.0,0.0
2023-09-01,0.00399758,0.06922208
2023-10-01,-0.02513959,0.0050286
2023-11-01,0.0,0.0
2023-12-01,0.03287603,-0.00518218
2024-01-01,-0.04307478,0.00364715
2024-02-01,0.0,0.0
2024-03-01,-0.02470938,0.02110809
2024-04-01,-0.00688623,0.00746176
2024-05-01,0.0,0.0
2024-06-01,0.01490844,0.0018587
2024-07-01,-0.00635903,0.00050086
2024-08-01,0.0,0.0
2024-09-01,0.03255924,-0.01615053
2024-10-01,-0.02068547,-0.01217264
2024-11-01,0.0,0.0
2024-12-01,0.00609036,0.02176619
2025-01-01,-0.0087809,-0.00804116
2025-02-01,0.0,0.0
2025-03-01,-0.00193929,0.02623149
2025-04-01,-0.03264565,-0.02455187
2025-05-01,0.0,0.0
2025-06-01,0.02367629,-0.00634498
2025-07-01,0.02395822,-0.00106382
2025-08-01,0.0,0.0
2025-09-01,-0.01551833,0.00187802
2025-10-01,-0.01065112,0.01192155
