Date,2y,5y,10y
1999-01-29,2.89,3.25,3.77
1999-02-26,3.13,3.57,4.13
1999-03-31,2.94,3.45,4.15
1999-04-30,2.73,3.23,3.95
1999-05-31,2.84,3.45,4.21
1999-06-30,3.26,4.00,4.65
1999-07-30,3.45,4.26,4.85
1999-08-31,3.61,4.42,5.02
1999-09-30,3.72,4.63,5.21
1999-10-29,4.03,4.82,5.27
1999-11-30,4.10,4.82,5.24
1999-12-30,4.25,4.94,5.36
2000-01-31,4.47,5.23,5.63
2000-02-29,4.50,5.17,5.52
2000-03-31,4.47,4.97,5.26
2000-04-28,4.69,5.10,5.41
2000-05-31,5.01,5.18,5.34
2000-06-30,4.99,5.11,5.30
2000-07-31,5.16,5.22,5.31
2000-08-31,5.26,5.34,5.35
2000-09-29,5.10,5.18,5.29
2000-10-31,5.12,5.16,5.28
2000-11-30,4.90,4.92,5.11
2000-12-29,4.51,4.65,4.91
2001-01-31,4.39,4.58,4.84
2001-02-28,4.36,4.50,4.78
2001-03-30,4.20,4.40,4.76
2001-04-30,4.61,4.76,5.10
2001-05-31,4.41,4.78,5.25
2001-06-29,4.30,4.62,5.12
2001-07-31,4.15,4.46,4.99
2001-08-31,3.91,4.31,4.87
2001-09-28,3.50,4.14,4.86
2001-10-31,3.19,3.84,4.51
2001-11-30,3.43,4.12,4.68
2001-12-28,3.69,4.47,5.01
2002-01-31,4.01,4.63,5.01
2002-02-28,3.90,4.55,4.98
2002-03-28,4.29,4.91,5.27
2002-04-30,4.09,4.74,5.15
2002-05-31,4.26,4.78,5.19
2002-06-28,3.98,4.57,4.99
2002-07-31,3.70,4.34,4.88
2002-08-30,3.48,4.09,4.61
2002-09-30,3.16,3.77,4.38
2002-10-31,3.20,3.90,4.58
2002-11-29,3.15,3.89,4.59
2002-12-30,2.78,3.54,4.28
2003-01-31,2.63,3.35,4.10
2003-02-28,2.42,3.14,4.03
2003-03-31,2.48,3.30,4.12
2003-04-30,2.56,3.35,4.22
2003-05-30,2.16,2.87,3.78
2003-06-30,2.20,3.03,3.96
2003-07-31,2.41,3.28,4.12
2003-08-29,2.69,3.51,4.23
2003-09-30,2.36,3.24,4.13
2003-10-31,2.76,3.66,4.40
2003-11-28,2.85,3.76,4.48
2003-12-30,2.65,3.58,4.35
2004-01-30,2.55,3.51,4.34
2004-02-27,2.30,3.21,4.11
2004-03-31,2.19,3.12,4.04
2004-04-30,2.56,3.48,4.27
2004-05-31,2.67,3.56,4.36
2004-06-30,2.79,3.66,4.37
2004-07-30,2.70,3.56,4.27
2004-08-31,2.53,3.38,4.09
2004-09-30,2.61,3.34,4.03
2004-10-29,2.52,3.20,3.91
2004-11-30,2.41,3.07,3.80
2004-12-30,2.53,3.11,3.71
2005-01-31,2.43,3.00,3.56
2005-02-28,2.56,3.15,3.71
2005-03-31,2.55,3.14,3.70
2005-04-29,2.26,2.83,3.44
2005-05-31,2.21,2.70,3.29
2005-06-30,2.04,2.54,3.17
2005-07-29,2.27,2.70,3.20
2005-08-31,2.25,2.64,3.15
2005-09-30,2.39,2.78,3.21
2005-10-31,2.61,3.04,3.44
2005-11-30,2.78,3.10,3.44
2005-12-30,2.85,3.07,3.31
2006-01-31,2.97,3.26,3.52
2006-02-28,3.04,3.30,3.54
2006-03-31,3.30,3.57,3.81
2006-04-28,3.44,3.77,4.04
2006-05-31,3.41,3.68,3.98
2006-06-30,3.60,3.87,4.13
2006-07-31,3.55,3.73,3.97
2006-08-31,3.54,3.63,3.84
2006-09-29,3.56,3.58,3.72
2006-10-31,3.71,3.74,3.82
2006-11-30,3.68,3.66,3.76
2006-12-29,3.89,3.91,3.98
2007-01-31,3.99,4.04,4.13
2007-02-28,3.89,3.89,4.00
2007-03-30,4.02,4.00,4.09
2007-04-30,4.17,4.18,4.26
2007-05-31,4.39,4.39,4.44
2007-06-29,4.48,4.52,4.59
2007-07-31,4.33,4.32,4.41
2007-08-31,4.07,4.16,4.33
2007-09-28,4.09,4.21,4.40
2007-10-31,4.07,4.11,4.27
2007-11-30,3.81,3.89,4.17
2007-12-28,4.08,4.19,4.42
2008-01-31,3.47,3.62,4.04
2008-02-29,3.22,3.45,4.02
2008-03-31,3.56,3.69,4.07
2008-04-30,3.83,3.97,4.29
2008-05-30,4.32,4.32,4.52
2008-06-30,4.62,4.57,4.70
2008-07-31,4.38,4.36,4.53
2008-08-29,4.14,4.03,4.24
2008-09-30,3.47,3.71,4.18
2008-10-31,2.49,3.19,3.97
2008-11-28,2.13,2.68,3.44
2008-12-30,1.82,2.44,3.19
2009-01-30,1.59,2.54,3.53
2009-02-27,1.37,2.29,3.37
2009-03-31,1.30,2.26,3.31
2009-04-30,1.42,2.44,3.47
2009-05-29,1.40,2.69,3.78
2009-06-30,1.41,2.57,3.60
2009-07-31,1.41,2.57,3.53
2009-08-31,1.37,2.53,3.38
2009-09-30,1.31,2.49,3.38
2009-10-30,1.40,2.50,3.46
2009-11-30,1.27,2.29,3.28
2009-12-30,1.33,2.48,3.50
2010-01-29,1.18,2.29,3.33
2010-02-26,0.93,2.13,3.25
2010-03-31,0.96,2.16,3.24
2010-04-30,0.83,2.03,3.14
2010-05-31,0.49,1.59,2.77
2010-06-30,0.52,1.51,2.71
2010-07-30,0.81,1.76,2.81
2010-08-31,0.58,1.31,2.20
2010-09-30,0.78,1.47,2.35
2010-10-29,1.02,1.76,2.65
2010-11-30,0.88,1.78,2.81
2010-12-30,0.87,1.96,3.07
2011-01-31,1.45,2.41,3.26
2011-02-28,1.48,2.37,3.22
2011-03-31,1.80,2.68,3.44
2011-04-29,1.86,2.64,3.36
2011-05-31,1.66,2.36,3.12
2011-06-30,1.61,2.25,3.07
2011-07-29,1.27,1.86,2.71
2011-08-31,0.68,1.35,2.28
2011-09-30,0.59,1.23,2.05
2011-10-31,0.59,1.25,2.24
2011-11-30,0.39,1.30,2.40
2011-12-30,0.14,0.86,1.92
2012-01-31,0.19,0.83,1.92
2012-02-29,0.22,0.84,1.90
2012-03-30,0.22,0.86,1.92
2012-04-30,0.09,0.66,1.74
2012-05-31,0.01,0.44,1.34
2012-06-29,0.12,0.68,1.67
2012-07-31,-0.08,0.41,1.40
2012-08-31,-0.04,0.44,1.41
2012-09-28,0.01,0.52,1.49
2012-10-31,0.03,0.54,1.55
2012-11-30,-0.02,0.44,1.42
2012-12-28,-0.04,0.38,1.34
2013-01-31,0.26,0.76,1.61
2013-02-28,0.02,0.48,1.47
2013-03-28,-0.07,0.31,1.28
2013-04-30,-0.01,0.35,1.23
2013-05-31,0.03,0.49,1.47
2013-06-28,0.17,0.74,1.70
2013-07-31,0.15,0.71,1.71
2013-08-30,0.20,0.84,1.87
2013-09-30,0.13,0.68,1.75
2013-10-31,0.12,0.65,1.69
2013-11-29,0.11,0.66,1.75
2013-12-30,0.24,0.94,2.03
2014-01-31,0.08,0.61,1.67
2014-02-28,0.11,0.60,1.62
2014-03-31,0.14,0.60,1.59
2014-04-30,0.15,0.60,1.56
2014-05-30,0.04,0.44,1.38
2014-06-30,0.00,0.38,1.27
2014-07-31,0.00,0.34,1.18
2014-08-29,-0.04,0.23,0.93
2014-09-30,-0.10,0.18,0.97
2014-10-31,-0.04,0.15,0.87
2014-11-28,-0.03,0.10,0.73
2014-12-30,-0.10,0.02,0.59
2015-01-30,-0.16,-0.07,0.34
2015-02-27,-0.24,-0.12,0.32
2015-03-31,-0.24,-0.11,0.22
2015-04-30,-0.22,-0.02,0.35
2015-05-29,-0.23,0.01,0.55
2015-06-30,-0.24,0.11,0.84
2015-07-31,-0.26,0.03,0.66
2015-08-31,-0.22,0.07,0.70
2015-09-30,-0.26,0.00,0.59
2015-10-30,-0.34,-0.10,0.50
2015-11-30,-0.42,-0.18,0.48
2015-12-30,-0.35,-0.01,0.68
2016-01-29,-0.48,-0.26,0.33
2016-02-29,-0.56,-0.41,0.10
2016-03-31,-0.52,-0.35,0.13
2016-04-29,-0.50,-0.33,0.24
2016-05-31,-0.53,-0.38,0.17
2016-06-30,-0.66,-0.55,-0.13
2016-07-29,-0.63,-0.54,-0.15
2016-08-31,-0.64,-0.56,-0.15
2016-09-30,-0.71,-0.63,-0.21
2016-10-31,-0.63,-0.42,0.13
2016-11-30,-0.80,-0.45,0.20
2016-12-30,-0.80,-0.51,0.22
2017-01-31,-0.70,-0.31,0.45
2017-02-28,-0.92,-0.58,0.18
2017-03-31,-0.74,-0.38,0.32
2017-04-28,-0.74,-0.36,0.33
2017-05-31,-0.74,-0.41,0.33
2017-06-30,-0.60,-0.23,0.47
2017-07-31,-0.68,-0.23,0.54
2017-08-31,-0.74,-0.37,0.35
2017-09-29,-0.73,-0.29,0.44
2017-10-30,-0.77,-0.35,0.40
2017-11-30,-0.71,-0.29,0.41
2017-12-29,-0.64,-0.18,0.47
2018-01-31,-0.54,0.03,0.67
2018-02-28,-0.56,0.02,0.68
2018-03-29,-0.60,-0.11,0.52
2018-04-30,-0.56,-0.05,0.59
2018-05-31,-0.65,-0.22,0.43
2018-06-29,-0.65,-0.25,0.37
2018-07-31,-0.60,-0.19,0.42
2018-08-31,-0.61,-0.24,0.35
2018-09-28,-0.54,-0.09,0.48
2018-10-31,-0.65,-0.20,0.39
2018-11-30,-0.64,-0.26,0.33
2018-12-28,-0.65,-0.31,0.24
2019-01-31,-0.57,-0.33,0.14
2019-02-28,-0.55,-0.32,0.15
2019-03-29,-0.62,-0.46,-0.07
2019-04-30,-0.59,-0.41,0.03
2019-05-31,-0.69,-0.59,-0.20
2019-06-28,-0.75,-0.66,-0.31
2019-07-31,-0.78,-0.73,-0.42
2019-08-30,-0.92,-0.93,-0.70
2019-09-30,-0.80,-0.78,-0.57
2019-10-31,-0.69,-0.64,-0.42
2019-11-29,-0.66,-0.60,-0.37
2019-12-30,-0.63,-0.49,-0.19
2020-01-31,-0.68,-0.64,-0.42
2020-02-28,-0.77,-0.77,-0.61
2020-03-31,-0.70,-0.68,-0.47
2020-04-30,-0.71,-0.70,-0.50
2020-05-29,-0.63,-0.63,-0.40
2020-06-30,-0.70,-0.72,-0.49
2020-07-31,-0.75,-0.76,-0.57
2020-08-31,-0.67,-0.65,-0.39
2020-09-30,-0.73,-0.75,-0.56
2020-10-30,-0.82,-0.85,-0.63
2020-11-30,-0.77,-0.78,-0.59
2020-12-30,-0.75,-0.75,-0.56
2021-01-29,-0.75,-0.76,-0.54
2021-02-26,-0.67,-0.58,-0.27
2021-03-31,-0.71,-0.63,-0.27
2021-04-30,-0.70,-0.59,-0.21
2021-05-31,-0.69,-0.57,-0.17
2021-06-30,-0.69,-0.58,-0.23
2021-07-30,-0.80,-0.77,-0.47
2021-08-31,-0.77,-0.74,-0.46
2021-09-30,-0.73,-0.59,-0.24
2021-10-29,-0.64,-0.42,-0.14
2021-11-30,-0.82,-0.67,-0.40
2021-12-30,-0.68,-0.50,-0.23
2022-01-31,-0.60,-0.32,-0.07
2022-02-28,-0.48,-0.10,0.15
2022-03-31,-0.07,0.39,0.57
2022-04-29,0.21,0.68,0.82
2022-05-31,0.35,0.76,1.07
2022-06-30,0.66,1.03,1.43
2022-07-29,0.22,0.52,0.90
2022-08-31,1.06,1.30,1.51
2022-09-30,1.67,1.91,2.11
2022-10-31,1.92,1.99,2.18
2022-11-30,2.08,1.93,1.94
2022-12-30,2.59,2.47,2.53
2023-01-31,2.59,2.26,2.29
2023-02-28,3.11,2.70,2.65
2023-03-31,2.65,2.40,2.36
2023-04-28,2.69,2.33,2.35
2023-05-31,2.72,2.34,2.28
2023-06-30,3.14,2.56,2.44
2023-07-31,3.08,2.54,2.52
2023-08-31,2.99,2.48,2.51
2023-09-29,3.19,2.77,2.86
2023-10-31,3.01,2.62,2.79
2023-11-30,2.77,2.27,2.44
2023-12-29,2.35,1.88,2.06
2024-01-31,2.54,2.08,2.23
2024-02-29,2.97,2.48,2.51
2024-03-28,2.83,2.30,2.33
2024-04-30,2.98,2.53,2.56
2024-05-31,3.08,2.70,2.71
2024-06-28,2.79,2.40,2.49
2024-07-31,2.54,2.20,2.34
2024-08-30,2.32,2.09,2.28
2024-09-30,2.06,1.93,2.20
2024-10-31,2.24,2.21,2.44
2024-11-29,1.96,1.91,2.14
2024-12-30,2.02,2.13,2.41
2025-01-31,2.10,2.19,2.49
2025-02-28,1.97,2.08,2.40
2025-03-31,1.97,2.24,2.71
2025-04-30,1.70,2.00,2.48
2025-05-30,1.77,2.07,2.55
2025-06-30,1.83,2.14,2.60
2025-07-31,1.95,2.24,2.70
2025-08-29,1.92,2.20,2.72
2025-09-30,2.01,2.27,2.73
2025-10-31,1.97,2.23,2.67
2025-11-28,2.01,2.27,2.72
2025-12-30,2.11,2.43,2.89
2026-01-30,2.07,2.37,2.87
2026-02-27,2.02,2.25,2.71
2026-03-31,2.61,2.71,3.06
2026-04-30,2.71,2.80,3.15
2026-05-29,2.53,2.64,3.00
2026-06-30,2.50,2.56,2.90
2026-07-31,2.76,2.86,3.18
2026-08-31,2.89,3.01,3.33
2026-09-14,3.23,3.30,3.55
