maturity_years,horizon_months,country,shock,estimate_bps_per_1bp_shock,standard_error,ci95_low,ci95_high,observations,calendar_months
2,0,Austria,MP,0.00477615737307467,0.2561961824627168,-0.49736836025385023,0.5069206749999996,2830,318
2,0,Belgium,MP,-0.15043398715742332,0.38961780044259314,-0.9140848760249058,0.6132169017100593,2830,318
2,0,Finland,MP,0.3124005604962813,0.22031627677811408,-0.11941934198882231,0.7442204629813849,2830,318
2,0,France,MP,0.04210819439405293,0.19547450181945852,-0.34102182917208573,0.4252382179601916,2830,318
2,0,Ireland,MP,0.6487495530744941,0.9392218603269357,-1.1921252931662996,2.489624399315288,2830,318
2,0,Italy,MP,-0.13374008538653198,0.604259768754565,-1.3180892321454794,1.0506090613724153,2830,318
2,0,Netherlands,MP,-0.002228998272842992,0.17097279649992778,-0.33733567941270143,0.3328776828670154,2830,318
2,0,Portugal,MP,1.459959135243512,1.0894457120076628,-0.6753544602915071,3.595272730778531,2830,318
2,0,Spain,MP,-0.4282797665286918,0.5489179056199308,-1.5041588615437562,0.6475993284863725,2830,318
2,0,Austria,CBI,0.170833442519326,0.29862254733377125,-0.4144667502548657,0.7561336352935176,2830,318
2,0,Belgium,CBI,0.38965607299888594,0.3329846195061178,-0.2629937812331049,1.0423059272308768,2830,318
2,0,Finland,CBI,-0.21436744766901972,0.25233324484216074,-0.7089406075596547,0.28020571222161533,2830,318
2,0,France,CBI,0.051290748208321954,0.23798870368562022,-0.41516711101549364,0.5177486074321376,2830,318
2,0,Ireland,CBI,3.528278884467879,3.215893638407443,-2.7748726468107088,9.831430415746468,2830,318
2,0,Italy,CBI,-0.5895373941425225,0.6738994555248228,-1.910380326971175,0.7313055386861301,2830,318
2,0,Netherlands,CBI,0.04558985990131234,0.20035375995513935,-0.34710350961076075,0.4382832294133855,2830,318
2,0,Portugal,CBI,2.0073748570473415,1.644011148497046,-1.2148869940068687,5.229636708101552,2830,318
2,0,Spain,CBI,-0.8621430683229597,0.7048625775431806,-2.243673720307594,0.5193875836616743,2830,318
2,1,Austria,MP,-0.09256320868185106,0.25283840948028147,-0.5881264912632027,0.40300007389950065,2830,318
2,1,Belgium,MP,0.07576188717939941,0.5012312053900136,-0.9066512753850273,1.058175049743826,2830,318
2,1,Finland,MP,-0.04455187546460496,0.2727484006984476,-0.5791387408335622,0.4900349899043523,2830,318
2,1,France,MP,-0.14524959067656698,0.20980821793410773,-0.5564736978274181,0.26597451647428416,2830,318
2,1,Ireland,MP,0.7279155503190128,1.443458503231668,-2.1012631160150566,3.5570942166530823,2830,318
2,1,Italy,MP,0.09747791922232593,0.8141564749219747,-1.4982687716247447,1.6932246100693964,2830,318
2,1,Netherlands,MP,-0.05280730493618091,0.20924409215122325,-0.4629257255525785,0.3573111156802167,2830,318
2,1,Portugal,MP,0.16823923923485096,1.5158332154624647,-2.80279386307158,3.1392723415412815,2830,318
2,1,Spain,MP,-0.036362286862322714,0.6649824566110565,-1.3397279018199935,1.2670033280953479,2830,318
2,1,Austria,CBI,-0.09615979205277739,0.3130642374039578,-0.7097656973645345,0.5174461132589798,2830,318
2,1,Belgium,CBI,0.6658030512552819,0.7034253936981956,-0.7129107203931813,2.044516822903745,2830,318
2,1,Finland,CBI,-0.5174847534072466,0.3503479148247643,-1.2041666664637847,0.16919715964929138,2830,318
2,1,France,CBI,-0.06965611851980005,0.2903185114934063,-0.6386804010468764,0.49936816400727635,2830,318
2,1,Ireland,CBI,5.31365018117796,3.302070973307278,-1.158408926504305,11.785709288860225,2830,318
2,1,Italy,CBI,1.0189301067756489,1.2563431574583952,-1.4435024818428057,3.4813626953941035,2830,318
2,1,Netherlands,CBI,-0.126603201678254,0.2417547331224569,-0.6004424785982696,0.34723607524176153,2830,318
2,1,Portugal,CBI,1.305332814561509,2.915596887843435,-4.409237085611624,7.019902714734641,2830,318
2,1,Spain,CBI,0.6390343676033784,1.0595132290489564,-1.437611561332576,2.715680296539333,2830,318
2,2,Austria,MP,-0.29831037257216575,0.31434061916594674,-0.9144179861374213,0.3177972409930898,2830,318
2,2,Belgium,MP,-0.5853097551443978,0.3980137002637484,-1.3654166076613445,0.19479709737254902,2830,318
2,2,Finland,MP,-0.11140582278483498,0.3432207208127367,-0.7841184355777989,0.5613067900081289,2830,318
2,2,France,MP,-0.1884720154466411,0.2565987562553753,-0.6914055777071768,0.31446154681389454,2830,318
2,2,Ireland,MP,0.7054875566586886,1.5991057182142356,-2.4287596510412133,3.8397347643585906,2830,318
2,2,Italy,MP,-0.8848518903643456,0.8745415259480172,-2.5989532812224594,0.8292495004937679,2830,318
2,2,Netherlands,MP,-0.22571426816865287,0.2773336994595273,-0.7692883191093263,0.3178597827720206,2830,318
2,2,Portugal,MP,-2.2041387525656115,1.7624273142106517,-5.658496288418489,1.2502187832872655,2830,318
2,2,Spain,MP,-0.714843173512955,0.6955210850893602,-2.078064500288101,0.6483781532621908,2830,318
2,2,Austria,CBI,-0.07591681969488315,0.3780319504227929,-0.8168594425235572,0.6650258031337909,2830,318
2,2,Belgium,CBI,0.32702493206292327,0.7649737818759582,-1.1723236804139547,1.8263735445398013,2830,318
2,2,Finland,CBI,-0.24982305695200527,0.42848641641481955,-1.0896564331250516,0.5900103192210411,2830,318
2,2,France,CBI,0.31845944916668906,0.34418873848705167,-0.35615047826793217,0.9930693766013103,2830,318
2,2,Ireland,CBI,5.34449409526713,3.4226550212077194,-1.3639097462999992,12.05289793683426,2830,318
2,2,Italy,CBI,1.0258733664960213,1.6350798457804494,-2.1788831312336594,4.230629864225702,2830,318
2,2,Netherlands,CBI,-0.12229698704436517,0.2825006680513442,-0.6759982964249999,0.43140432233626946,2830,318
2,2,Portugal,CBI,1.6657209950331642,3.062337856773817,-4.336461204243518,7.6679031943098455,2830,318
2,2,Spain,CBI,0.25068525791096685,1.108446001404066,-1.9218689048410027,2.423239420662936,2830,318
2,3,Austria,MP,-0.4090582520848484,0.4060487376695429,-1.2049137779171526,0.3867972737474557,2830,318
2,3,Belgium,MP,-0.9009301728587381,0.5302920908296151,-1.9403026708847837,0.1384423251673076,2830,318
2,3,Finland,MP,-0.274490763809162,0.3731038792505668,-1.005774367140273,0.456792839521949,2830,318
2,3,France,MP,-0.3553017348260667,0.33047261077009205,-1.003028051935447,0.29242458228331375,2830,318
2,3,Ireland,MP,0.6646143013441518,2.123593517645383,-3.4976289932407987,4.826857595929102,2830,318
2,3,Italy,MP,-1.862780133349104,1.1512271112173127,-4.119185271335037,0.3936250046368288,2830,318
2,3,Netherlands,MP,-0.3270368796005705,0.3098665501491137,-0.9343753178928333,0.2803015586916924,2830,318
2,3,Portugal,MP,-0.870778373957146,1.96143493277521,-4.715190842196558,2.973634094282266,2830,318
2,3,Spain,MP,-1.3789906233344396,0.8866654770591315,-3.116854958370337,0.358873711701458,2830,318
2,3,Austria,CBI,-0.47113671727048856,0.5687733977925936,-1.585932576943972,0.6436591424029949,2830,318
2,3,Belgium,CBI,-0.20569718762806943,0.9739222729399164,-2.1145848425903053,1.7031904673341667,2830,318
2,3,Finland,CBI,-0.5646781356673151,0.46832597900128625,-1.4825970545098361,0.353240783175206,2830,318
2,3,France,CBI,0.2226673077866539,0.4290026502093852,-0.6181778866237411,1.0635125021970488,2830,318
2,3,Ireland,CBI,5.825890218913543,3.6479292996706527,-1.3240512084409364,12.975831646268022,2830,318
2,3,Italy,CBI,0.22090616827528836,2.0486328595153265,-3.7944142363747515,4.236226572925328,2830,318
2,3,Netherlands,CBI,-0.04651762496633611,0.25804572370149653,-0.5522872434212693,0.4592519934885971,2830,318
2,3,Portugal,CBI,4.981797337846442,4.03951787006063,-2.9356576874723928,12.899252363165276,2830,318
2,3,Spain,CBI,-0.10158286084837048,1.4549898445835416,-2.953362956232112,2.750197234535371,2830,318
2,4,Austria,MP,-0.5226017767520457,0.38998018792530087,-1.2869629450856355,0.24175939158154403,2830,318
2,4,Belgium,MP,-1.1896067287616123,0.5331668112163845,-2.234613678745726,-0.14459977877749863,2830,318
2,4,Finland,MP,-0.4811228675346063,0.412748779797996,-1.2901104759386786,0.3278647408694658,2830,318
2,4,France,MP,-0.3697422482842026,0.32902234652542184,-1.0146260474740294,0.27514155090562414,2830,318
2,4,Ireland,MP,0.4532981882216394,2.252009632906822,-3.9606406922757325,4.867237068719011,2830,318
2,4,Italy,MP,-2.2764192949244837,1.407767739374077,-5.035644064097674,0.48280547424870734,2830,318
2,4,Netherlands,MP,-0.16157324981713805,0.31053683734952303,-0.7702254510222032,0.4470789513879271,2830,318
2,4,Portugal,MP,-2.221756992641776,2.1321247621609007,-6.400721526477142,1.9572075411935899,2830,318
2,4,Spain,MP,-0.9968430304555265,0.8683905202567984,-2.6988884501588513,0.7052023892477983,2830,318
2,4,Austria,CBI,-0.4995957552725487,0.43349076081662413,-1.349237646473132,0.35004613592803463,2830,318
2,4,Belgium,CBI,0.5153854402235094,0.6966561523925714,-0.8500606184659305,1.8808314989129493,2830,318
2,4,Finland,CBI,-0.641479348009954,0.4443982025544675,-1.51249982501671,0.22954112899680224,2830,318
2,4,France,CBI,0.045413340085884234,0.38159361852821405,-0.7025101522294153,0.7933368324011838,2830,318
2,4,Ireland,CBI,6.093719878516599,4.246233765355531,-2.2288983015802417,14.41633805861344,2830,318
2,4,Italy,CBI,0.7774482979126741,1.585705584627756,-2.330534647957727,3.8854312437830756,2830,318
2,4,Netherlands,CBI,-0.22917263205210242,0.3127015130358457,-0.8420675976023599,0.38372233349815515,2830,318
2,4,Portugal,CBI,4.6355052261105705,3.9762910907462037,-3.158025311751989,12.429035763973129,2830,318
2,4,Spain,CBI,0.8794058930438386,1.398557140773917,-1.8617661028730388,3.620577888960716,2830,318
2,5,Austria,MP,-0.5545654282557834,0.41594516695675926,-1.3698179554910315,0.26068709897946474,2830,318
2,5,Belgium,MP,-1.0851742330362149,0.5284567718812544,-2.1209495059234733,-0.04939896014895617,2830,318
2,5,Finland,MP,-0.48660143755185636,0.3947087280523865,-1.2602305445345339,0.28702766943082114,2830,318
2,5,France,MP,-0.4576367884992275,0.32109986692237663,-1.0869925276670855,0.17171895066863063,2830,318
2,5,Ireland,MP,-1.6757320824348367,2.2992021661164728,-6.182168328023123,2.8307041631534497,2830,318
2,5,Italy,MP,-3.009809040779097,1.4665912127312934,-5.884327817732432,-0.13529026382576204,2830,318
2,5,Netherlands,MP,-0.19178397949085976,0.34145558853226954,-0.8610369330141081,0.4774689740323885,2830,318
2,5,Portugal,MP,-4.633928906873473,2.892762098722182,-10.30374262036895,1.0358848066220032,2830,318
2,5,Spain,MP,-2.005774765686783,1.082555528631737,-4.127583601804988,0.11603407043142155,2830,318
2,5,Austria,CBI,-0.007688523416260888,0.41765361113964494,-0.826289601249965,0.8109125544174431,2830,318
2,5,Belgium,CBI,1.1204924404981143,0.9131692218939943,-0.6693192344141146,2.910304115410343,2830,318
2,5,Finland,CBI,-0.15692468523164063,0.4578033464033199,-1.0542192441821476,0.7403698737188663,2830,318
2,5,France,CBI,0.19513101034450417,0.41310999666270026,-0.6145645831143883,1.0048266038033966,2830,318
2,5,Ireland,CBI,6.976294896200126,4.656656383386269,-2.1507516152369623,16.103341407637213,2830,318
2,5,Italy,CBI,2.330855114445623,1.7218461981809285,-1.043963433988997,5.705673662880242,2830,318
2,5,Netherlands,CBI,-0.29847844171240834,0.32205243553593776,-0.9297012153628463,0.33274433193802966,2830,318
2,5,Portugal,CBI,3.5573341811489967,4.226800629048422,-4.727195051785911,11.841863414083905,2830,318
2,5,Spain,CBI,1.2391774014912453,1.596930966028324,-1.8908072919242698,4.369162094906761,2830,318
2,6,Austria,MP,-0.4378307374708194,0.48078204372480055,-1.3801635431714285,0.5045020682297896,2830,318
2,6,Belgium,MP,-0.9791714835938103,0.6140547353050588,-2.1827187647917254,0.22437579760410498,2830,318
2,6,Finland,MP,-0.23062843012604844,0.5091521526168832,-1.2285666492551395,0.7673097890030425,2830,318
2,6,France,MP,-0.21906974987023214,0.3652199797372701,-0.9349009101552817,0.4967614104148173,2830,318
2,6,Ireland,MP,-1.0696044948433643,2.269506501564086,-5.5178372379089735,3.3786282482222445,2830,318
2,6,Italy,MP,-2.1967135776535445,1.3616537668830517,-4.865554960744326,0.47212780543723687,2830,318
2,6,Netherlands,MP,-0.015753538081113308,0.43030858286801027,-0.8591583605024135,0.8276512843401868,2830,318
2,6,Portugal,MP,-3.7333619136051905,3.019561408322903,-9.65170227391808,2.184978446707699,2830,318
2,6,Spain,MP,-1.4467774598877616,1.0987715731788625,-3.6003697433183324,0.7068148235428091,2830,318
2,6,Austria,CBI,-0.18411338368151495,0.5478118382330966,-1.2578245866183844,0.8895978192553544,2830,318
2,6,Belgium,CBI,1.2416126655432527,1.041834127924835,-0.8003822251894241,3.2836075562759293,2830,318
2,6,Finland,CBI,-0.31510886659964776,0.5467644318355804,-1.3867671529973853,0.7565494197980898,2830,318
2,6,France,CBI,0.4289388356873502,0.3708418048438318,-0.29791110180656005,1.1557887731812604,2830,318
2,6,Ireland,CBI,6.15811282323828,4.900677034713429,-3.447214164800041,15.763439811276601,2830,318
2,6,Italy,CBI,2.345576439605755,1.9919548244973158,-1.5586550164089839,6.249807895620494,2830,318
2,6,Netherlands,CBI,-0.19952034273427557,0.2937512089267791,-0.7752727122307626,0.37623202676221146,2830,318
2,6,Portugal,CBI,7.35714073178544,5.121083247278167,-2.6801824328797688,17.39446389645065,2830,318
2,6,Spain,CBI,0.5281840191931055,1.790922900350068,-2.9820248654930275,4.038392903879239,2830,318
2,7,Austria,MP,-0.5157874933504918,0.5211931153621638,-1.537325999460333,0.5057510127593494,2830,318
2,7,Belgium,MP,-0.6127115314080804,0.4627157466719126,-1.519634394885029,0.2942113320688683,2830,318
2,7,Finland,MP,-0.16966921076028932,0.5587411825056263,-1.2648019284713168,0.9254635069507382,2830,318
2,7,France,MP,-0.07518210557836359,0.35990217715862777,-0.780590372809274,0.6302261616525469,2830,318
2,7,Ireland,MP,0.1373744012082408,2.791366759489157,-5.333704447390506,5.608453249806988,2830,318
2,7,Italy,MP,-1.2008806060746842,1.0508640552817141,-3.260574154426844,0.8588129422774753,2830,318
2,7,Netherlands,MP,0.0936378473968149,0.5029438833278341,-0.89213216392574,1.0794078587193698,2830,318
2,7,Portugal,MP,-2.08940595581858,2.4435084286482005,-6.878682475969053,2.699870564331893,2830,318
2,7,Spain,MP,-0.4550272364375673,1.2046516053679734,-2.816144382958795,1.9060899100836604,2830,318
2,7,Austria,CBI,0.002183602979884752,0.5187979294387549,-1.0146603387200748,1.0190275446798442,2830,318
2,7,Belgium,CBI,1.65971236514356,1.0477572522638858,-0.39389184929365606,3.713316579580776,2830,318
2,7,Finland,CBI,-0.23701990862805297,0.6446315502444818,-1.5004977471072372,1.0264579298511314,2830,318
2,7,France,CBI,0.5715878176694316,0.3994971733367801,-0.21142664207065742,1.3546022774095205,2830,318
2,7,Ireland,CBI,7.6730601394475295,5.547462616762091,-3.1999665894061673,18.546086868301227,2830,318
2,7,Italy,CBI,2.3856259346918627,1.8916376584826184,-1.3219838759340692,6.093235745317795,2830,318
2,7,Netherlands,CBI,-0.11949138843179727,0.3208130899212745,-0.7482850446774953,0.5093022678139008,2830,318
2,7,Portugal,CBI,8.229816304874584,6.442155979518082,-4.396809414980858,20.856442024730026,2830,318
2,7,Spain,CBI,1.1927936945389392,1.7229176326262947,-2.1841248654085983,4.569712254486477,2830,318
2,8,Austria,MP,-0.4490441517170321,0.5602949245587998,-1.5472222038522796,0.6491339004182155,2830,318
2,8,Belgium,MP,-0.5141195490372849,0.5919750346407854,-1.6743906169332243,0.6461515188586545,2830,318
2,8,Finland,MP,-0.3509075599539858,0.5480083916709836,-1.4250040076291137,0.723188887721142,2830,318
2,8,France,MP,0.06814149363779314,0.3945304058814913,-0.7051381018899299,0.8414210891655161,2830,318
2,8,Ireland,MP,0.04648141871877137,3.205137604555116,-6.235588286209255,6.328551123646799,2830,318
2,8,Italy,MP,-1.4175374003839663,1.209680937633393,-3.7885120381454165,0.953437237377484,2830,318
2,8,Netherlands,MP,-0.13340437475261252,0.5179996688652203,-1.1486837257284443,0.8818749762232192,2830,318
2,8,Portugal,MP,-3.098358136214126,2.6898128568872655,-8.370391335713165,2.173675063284914,2830,318
2,8,Spain,MP,-0.7699814587058749,1.2131858009423766,-3.1478256285529334,1.6078627111411834,2830,318
2,8,Austria,CBI,0.06865862213559688,0.6236931813419889,-1.1537800132947014,1.2910972575658952,2830,318
2,8,Belgium,CBI,1.5680498451932623,1.361796570461209,-1.101071432910707,4.237171123297232,2830,318
2,8,Finland,CBI,-0.1057070949929023,0.6015083556440249,-1.284663472055191,1.0732492820693866,2830,318
2,8,France,CBI,0.5265808146703829,0.4857086477820303,-0.4254081349823966,1.4785697643231623,2830,318
2,8,Ireland,CBI,10.171049940911814,6.00197987998913,-1.592830623866881,21.93493050569051,2830,318
2,8,Italy,CBI,2.773075820067588,2.4272456210528937,-1.9843255971960834,7.53047723733126,2830,318
2,8,Netherlands,CBI,-0.3138333033838092,0.3493034836839053,-0.9984681314042636,0.3708015246366452,2830,318
2,8,Portugal,CBI,9.20970172636484,6.793115957453254,-4.1048055502435385,22.524209002973215,2830,318
2,8,Spain,CBI,0.8383319571333457,2.003247967476359,-3.088034059120318,4.764697973387009,2830,318
2,9,Austria,MP,-0.6632179335446201,0.509064103739354,-1.660983576873754,0.33454770978451365,2830,318
2,9,Belgium,MP,-0.7604223110279567,0.5128426417661279,-1.7655938888895675,0.24474926683365417,2830,318
2,9,Finland,MP,-0.3663446698969656,0.5274260051559413,-1.4000996400026107,0.6674103002086793,2830,318
2,9,France,MP,0.03768580187097017,0.39710049123110813,-0.7406311609420018,0.8160027646839421,2830,318
2,9,Ireland,MP,-1.289152409767566,2.5985124857107182,-6.382236881760574,3.8039320622254413,2830,318
2,9,Italy,MP,-1.0963594771420009,0.9763110660889794,-3.0099291666764003,0.8172102123923988,2830,318
2,9,Netherlands,MP,-0.22643553061392815,0.49084988059488127,-1.1885012965798953,0.7356302353520391,2830,318
2,9,Portugal,MP,-2.817041605548274,2.4295260464613753,-7.5789126566125695,1.9448294455160213,2830,318
2,9,Spain,MP,-0.6695554268497581,1.140427639352812,-2.9047935999812697,1.5656827462817535,2830,318
2,9,Austria,CBI,0.11010882018651706,0.5559706329363565,-0.9795936203687416,1.1998112607417757,2830,318
2,9,Belgium,CBI,1.4453594152953826,1.363810697533769,-1.2277095518708043,4.11842838246157,2830,318
2,9,Finland,CBI,-0.3647662341859577,0.651493036764101,-1.6416925862435956,0.9121601178716803,2830,318
2,9,France,CBI,0.4423430157833039,0.5342474469458505,-0.604781980230563,1.4894680117971708,2830,318
2,9,Ireland,CBI,8.298325888965618,5.372629915565301,-2.2320287455423724,18.828680523473608,2830,318
2,9,Italy,CBI,2.2635247182667237,2.551196421805982,-2.736820268473001,7.2638697050064485,2830,318
2,9,Netherlands,CBI,-0.33519249553392944,0.34853043694546776,-1.0183121519470462,0.34792716087918735,2830,318
2,9,Portugal,CBI,8.561622101936846,6.955789305631924,-5.071724937101726,22.194969140975417,2830,318
2,9,Spain,CBI,0.1528643233448363,2.3528788180849833,-4.458778160101731,4.764506806791403,2830,318
2,10,Austria,MP,-0.5932284263690147,0.5398255353910925,-1.651286475735556,0.4648296229975265,2830,318
2,10,Belgium,MP,-0.9038277028704114,0.5474357786329727,-1.9768018289910378,0.16914642325021512,2830,318
2,10,Finland,MP,-0.5267573195697705,0.617856053190438,-1.7377551838230287,0.6842405446834879,2830,318
2,10,France,MP,-0.022253905343954928,0.4209767443944624,-0.8473683243571012,0.8028605136691914,2830,318
2,10,Ireland,MP,-1.6654148435726372,2.227129785715392,-6.030589223574806,2.699759536429531,2830,318
2,10,Italy,MP,-1.6430584013133744,0.9536554446672224,-3.51222307286113,0.22610627023438146,2830,318
2,10,Netherlands,MP,-0.39988471869248315,0.5518071186655947,-1.481426671277049,0.6816572338920825,2830,318
2,10,Portugal,MP,-1.8056133478539422,2.9356475812140665,-7.559482607033512,3.948255911325628,2830,318
2,10,Spain,MP,-1.1591082733213993,0.9352173379478526,-2.9921342556991903,0.6739177090563917,2830,318
2,10,Austria,CBI,0.20222062050942463,0.597152093310394,-0.9681974823789476,1.3726387233977968,2830,318
2,10,Belgium,CBI,1.1499946061233366,1.3034602655779426,-1.4047875144094306,3.704776726656104,2830,318
2,10,Finland,CBI,-0.11909997696858698,0.6891314676405479,-1.469797653544061,1.231597699606887,2830,318
2,10,France,CBI,0.07774003083045543,0.42461042599914145,-0.7544964041278618,0.9099764657887727,2830,318
2,10,Ireland,CBI,7.858949878127856,6.1004884532031065,-4.098007490150232,19.815907246405942,2830,318
2,10,Italy,CBI,1.513596404704945,2.4799698422696905,-3.347144486143648,6.374337295553538,2830,318
2,10,Netherlands,CBI,-0.047863120189641985,0.3295969887104485,-0.6938732180621211,0.5981469776828371,2830,318
2,10,Portugal,CBI,10.83185276034654,8.330057942628192,-5.495060807204714,27.158766327897794,2830,318
2,10,Spain,CBI,-0.17891891682869623,2.2489261623337127,-4.5868141950027725,4.228976361345381,2830,318
2,11,Austria,MP,-0.5664561256432514,0.5876457176373929,-1.7182417322125416,0.5853294809260388,2830,318
2,11,Belgium,MP,-0.8701132935416909,0.5809892166765563,-2.008852158227741,0.2686255711443595,2830,318
2,11,Finland,MP,-0.49657052066404006,0.6355430664759476,-1.7422349309568974,0.7490938896288173,2830,318
2,11,France,MP,-0.03891048181181249,0.4686353676156641,-0.9574358023385141,0.8796148387148892,2830,318
2,11,Ireland,MP,-1.6210712620880992,2.504384791948111,-6.5296654543063966,3.287522930130198,2830,318
2,11,Italy,MP,-2.571880425734729,1.272829980371279,-5.066627187262435,-0.07713366420702217,2830,318
2,11,Netherlands,MP,-0.2704772538870424,0.5595651574711339,-1.3672249625304647,0.82627045475638,2830,318
2,11,Portugal,MP,-3.5878909546671633,2.7111109264012354,-8.901668370413585,1.725886461079258,2830,318
2,11,Spain,MP,-1.5224278892701324,1.1778269814692643,-3.8309687729498902,0.7861129944096257,2830,318
2,11,Austria,CBI,-0.06758518259450504,0.6713854450367335,-1.3835006548665028,1.2483302896774926,2830,318
2,11,Belgium,CBI,0.7139445793442999,1.5097149881421528,-2.2450967974143197,3.6729859561029192,2830,318
2,11,Finland,CBI,-0.17874269490999237,0.5909761391609171,-1.3370559276653897,0.9795705378454049,2830,318
2,11,France,CBI,-0.18759877228831986,0.4766706563105633,-1.121873258657024,0.7466757140803842,2830,318
2,11,Ireland,CBI,7.700138522031169,6.467791031249426,-4.976731899217706,20.377008943280046,2830,318
2,11,Italy,CBI,0.10333961510750969,2.5197452806099947,-4.83536113488808,5.0420403651031,2830,318
2,11,Netherlands,CBI,-0.3162253302518792,0.3277117363655805,-0.958540333528417,0.3260896730246586,2830,318
2,11,Portugal,CBI,7.589854595020433,7.89821473668409,-7.890646288880384,23.07035547892125,2830,318
2,11,Spain,CBI,-1.6544696611633751,2.570601916009239,-6.692849416541484,3.383910094214733,2830,318
2,12,Austria,MP,-0.44854594718008584,0.657508737484141,-1.7372630726490021,0.8401711782888304,2821,317
2,12,Belgium,MP,-0.6495390839497213,0.6739557508131895,-1.9704923555435727,0.6714141876441302,2821,317
2,12,Finland,MP,-0.3921028489527915,0.705860145040204,-1.7755887332315914,0.9913830353260082,2821,317
2,12,France,MP,0.07938136745726965,0.5350771491182592,-0.9693698448145185,1.1281325797290578,2821,317
2,12,Ireland,MP,-2.071276689651939,2.6024567605370312,-7.1720919403045205,3.0295385610006424,2821,317
2,12,Italy,MP,-2.4756534683513056,1.2617429267860174,-4.9486696048519,-0.0026373318507113552,2821,317
2,12,Netherlands,MP,-0.15315968569688668,0.6314241901630258,-1.390751098416417,1.0844317270226438,2821,317
2,12,Portugal,MP,-3.1550785806764607,2.646579467317826,-8.342374336619399,2.0322171752664775,2821,317
2,12,Spain,MP,-1.9963706403420118,1.3302511606730762,-4.603662915261241,0.6109216345772175,2821,317
2,12,Austria,CBI,0.0800002003359386,0.7200746296103693,-1.3313460737003853,1.4913464743722624,2821,317
2,12,Belgium,CBI,1.4953447966158353,1.5190136524719813,-1.481921962229248,4.472611555460919,2821,317
2,12,Finland,CBI,-0.23848997816026637,0.6629345465812291,-1.5378416894594753,1.0608617331389427,2821,317
2,12,France,CBI,0.24282741633264307,0.5154068251162833,-0.7673699608952723,1.2530247935605585,2821,317
2,12,Ireland,CBI,9.795087351735829,6.466795315207579,-2.8798314660710265,22.470006169542685,2821,317
2,12,Italy,CBI,1.9832934945844898,2.5887470048064865,-3.0906506348362237,7.057237624005203,2821,317
2,12,Netherlands,CBI,-0.18277835806366707,0.3706452136613925,-0.9092429768399963,0.5436862607126622,2821,317
2,12,Portugal,CBI,10.01286165850224,8.212782561422602,-6.08419216188606,26.109915478890542,2821,317
2,12,Spain,CBI,0.2712538361802722,2.26467506460988,-4.167509290455093,4.710016962815637,2821,317
5,0,Austria,MP,0.08785066807122646,0.24080383743851627,-0.3841248533082654,0.5598261894507184,2407,318
5,0,Finland,MP,0.062119991264918184,0.2376739578205371,-0.4037209660633345,0.5279609485931709,2407,318
5,0,France,MP,0.15832638071020846,0.1701229280986781,-0.17511455836320058,0.49176731978361754,2407,318
5,0,Ireland,MP,0.7902879960381912,0.7595351599308154,-0.6984009174262069,2.2789769095025894,2407,318
5,0,Italy,MP,0.23571799022057358,0.45230023334051045,-0.6507904671268269,1.122226447567974,2407,318
5,0,Netherlands,MP,-0.03672225332551363,0.17698501717540796,-0.38361288698931323,0.3101683803382859,2407,318
5,0,Portugal,MP,0.5830891587330852,0.8838311066484908,-1.1492198102979567,2.3153981277641273,2407,318
5,0,Spain,MP,0.16853093550830556,0.40209412263815913,-0.6195735448624863,0.9566354158790974,2407,318
5,0,Austria,CBI,-0.21112359682108572,0.3185477261021676,-0.8354771399813342,0.41322994633916277,2407,318
5,0,Finland,CBI,-0.07687484085837472,0.3319866854819412,-0.7275687444029795,0.5738190626862301,2407,318
5,0,France,CBI,0.10859922456018718,0.224984274739784,-0.33236995392978946,0.5495684030501639,2407,318
5,0,Ireland,CBI,1.0566714774614412,1.7911735198422296,-2.454028621429329,4.567371576352212,2407,318
5,0,Italy,CBI,-0.6689342199216655,0.5994417125019327,-1.8438399764254534,0.5059715365821225,2407,318
5,0,Netherlands,CBI,-0.02499842668599835,0.25333787258442575,-0.5215406569514728,0.4715438035794761,2407,318
5,0,Portugal,CBI,1.2777848920956938,2.0322702371971646,-2.705464772810749,5.261034557002136,2407,318
5,0,Spain,CBI,-0.8438994313824483,0.6366654171888002,-2.0917636490724965,0.4039647863076,2407,318
5,1,Austria,MP,-0.04125001742491657,0.23605770202029516,-0.5039231133846951,0.42142307853486194,2407,318
5,1,Finland,MP,-0.10541927004867313,0.31583799962722076,-0.7244617493180258,0.5136232092206795,2407,318
5,1,France,MP,-0.16741638187620692,0.18088362915434725,-0.5219482950187275,0.18711553126631367,2407,318
5,1,Ireland,MP,1.0919856394516447,1.2904152278159966,-1.4372282070677085,3.621199485970998,2407,318
5,1,Italy,MP,0.03229111474571809,0.686731552637737,-1.3137027284242464,1.3782849579156826,2407,318
5,1,Netherlands,MP,-0.13164791078075158,0.20279182848955452,-0.5291198946202784,0.2658240730587753,2407,318
5,1,Portugal,MP,0.7093096967355775,1.450554301110922,-2.13377673344183,3.552396126912985,2407,318
5,1,Spain,MP,0.1922434654614377,0.5160617082565492,-0.8192374827213987,1.2037244136442742,2407,318
5,1,Austria,CBI,-0.3580232407834861,0.27980280478719144,-0.9064367381663814,0.19039025659940917,2407,318
5,1,Finland,CBI,0.20653841504876355,0.4146444055854441,-0.6061646198987068,1.019241449996234,2407,318
5,1,France,CBI,-0.04558868815738034,0.24763254116243133,-0.5309484688357458,0.43977109252098506,2407,318
5,1,Ireland,CBI,3.038280743697571,2.3110322173980284,-1.4913424024025645,7.567903889797707,2407,318
5,1,Italy,CBI,0.18257909187859134,0.9838925552710163,-1.7458503164526005,2.1110085002097834,2407,318
5,1,Netherlands,CBI,0.022211829159269867,0.2370978197798375,-0.4424998976092116,0.4869235559277514,2407,318
5,1,Portugal,CBI,1.1465072696660723,2.3738598010888547,-3.5062579404680827,5.799272479800227,2407,318
5,1,Spain,CBI,0.3063993956272504,0.7973887018477238,-1.2564824599942883,1.869281251248789,2407,318
5,2,Austria,MP,0.014182493202465328,0.28373932141518643,-0.5419465767713001,0.5703115631762308,2407,318
5,2,Finland,MP,-0.12650388885248343,0.30930413828119496,-0.7327399998836256,0.47973222217865874,2407,318
5,2,France,MP,-0.08646024674738195,0.24014530404397189,-0.5571450426735669,0.38422454917880294,2407,318
5,2,Ireland,MP,2.16149633843506,1.476768063233136,-0.7329690655018863,5.0559617423720065,2407,318
5,2,Italy,MP,-0.4836231439834605,0.8801894028147457,-2.208794373500362,1.241548085533441,2407,318
5,2,Netherlands,MP,-0.05686501262049407,0.26126551891267646,-0.5689454296893399,0.4552154044483518,2407,318
5,2,Portugal,MP,-0.9947331405506854,1.4547752668112834,-3.846092663500801,1.8566263823994302,2407,318
5,2,Spain,MP,-0.037660525199237946,0.586004308052583,-1.1862289689823005,1.1109079185838246,2407,318
5,2,Austria,CBI,-0.03671898357405819,0.3544144924309505,-0.7313713887387212,0.6579334215906048,2407,318
5,2,Finland,CBI,0.4837942844268886,0.4194160576495354,-0.33826118856620074,1.3058497574199779,2407,318
5,2,France,CBI,0.0860371264538112,0.30836498997205475,-0.5183582538914161,0.6904325067990386,2407,318
5,2,Ireland,CBI,3.549889553652149,2.388316688481216,-1.1312111557710343,8.230990263075332,2407,318
5,2,Italy,CBI,0.7564536332088874,1.4453031728259118,-2.0763405855298993,3.5892478519476745,2407,318
5,2,Netherlands,CBI,0.14339705002738937,0.31290347095661836,-0.46989375304758263,0.7566878531023613,2407,318
5,2,Portugal,CBI,1.1120324278992235,2.6859069759474803,-4.1523452449578375,6.376410100756285,2407,318
5,2,Spain,CBI,0.2165445223191792,0.9083230698774687,-1.5637686946406593,1.9968577392790179,2407,318
5,3,Austria,MP,-0.10471559684232187,0.3514964166664767,-0.7936485735086162,0.5842173798239724,2407,318
5,3,Finland,MP,-0.14111888030452738,0.3324797946027816,-0.7927792777259792,0.5105415171169245,2407,318
5,3,France,MP,-0.02036057346154167,0.2929948077859014,-0.5946303967219084,0.5539092497988252,2407,318
5,3,Ireland,MP,1.5758444021775029,1.719230236531503,-1.7938468614242433,4.945535665779249,2407,318
5,3,Italy,MP,-1.5657715780580928,0.9834413413051957,-3.4933166070162764,0.3617734509000907,2407,318
5,3,Netherlands,MP,-0.16024303397820985,0.29771965552298907,-0.7437735588032683,0.4232874908468487,2407,318
5,3,Portugal,MP,0.03636652048389623,2.069652360707882,-4.020152106503552,4.092885147471344,2407,318
5,3,Spain,MP,-0.5413010718263273,0.6653551660380518,-1.8453971972609087,0.7627950536082543,2407,318
5,3,Austria,CBI,-0.1258428083514114,0.4883439840245472,-1.082997017039524,0.8313114003367011,2407,318
5,3,Finland,CBI,0.2799677035026617,0.4413547805430324,-0.5850876663616817,1.1450230733670053,2407,318
5,3,France,CBI,0.19849952440920995,0.36103965395222337,-0.5091381973371478,0.9061372461555677,2407,318
5,3,Ireland,CBI,3.0138941914425104,2.2495791076102747,-1.395280859473628,7.423069242358649,2407,318
5,3,Italy,CBI,0.27515125341466323,1.7052315474957611,-3.0671025796770284,3.6174050865063547,2407,318
5,3,Netherlands,CBI,-0.022150338185515154,0.3683836900284589,-0.7441823706412946,0.6998816942702643,2407,318
5,3,Portugal,CBI,3.3384772447192588,3.205259977907128,-2.943832311978712,9.62078680141723,2407,318
5,3,Spain,CBI,-0.17057274365988287,1.1330362452112588,-2.39132378427395,2.050178296954184,2407,318
5,4,Austria,MP,-0.34233818002762867,0.3388100124900374,-1.006405804508102,0.3217294444528446,2407,318
5,4,Finland,MP,-0.46735599646424103,0.300243439159144,-1.0558331372161631,0.12112114428768112,2407,318
5,4,France,MP,-0.30669735890515337,0.26207325886513577,-0.8203609462808195,0.20696622847051271,2407,318
5,4,Ireland,MP,1.4889167102169512,1.6965928920938367,-1.8364053582869686,4.8142387787208705,2407,318
5,4,Italy,MP,-1.909268193061677,1.2568074014519877,-4.372610699907573,0.5540743137842188,2407,318
5,4,Netherlands,MP,-0.27240665461581287,0.24726580334246773,-0.7570476291670496,0.21223431993542385,2407,318
5,4,Portugal,MP,-0.8826388259449246,1.8340257408831067,-4.477329278075814,2.7120516261859646,2407,318
5,4,Spain,MP,-0.5047014424365287,0.6556457587705345,-1.7897671296267763,0.780364244753719,2407,318
5,4,Austria,CBI,-0.40801127910008855,0.517456022390885,-1.422225082986223,0.6062025247860461,2407,318
5,4,Finland,CBI,-0.11327532961665113,0.48060372970329346,-1.0552586398351063,0.8287079806018041,2407,318
5,4,France,CBI,-0.31793926507806797,0.47167864274531024,-1.242429404858876,0.6065508747027402,2407,318
5,4,Ireland,CBI,2.9878156204605957,2.849252878929699,-2.5967200222416147,8.572351263162806,2407,318
5,4,Italy,CBI,0.0477506989670184,1.578793940075986,-3.0466854235819145,3.142186821515951,2407,318
5,4,Netherlands,CBI,-0.25795199996907686,0.4051981172731977,-1.0521403098245443,0.5362363098863907,2407,318
5,4,Portugal,CBI,3.8354299148951476,3.3933576933620118,-2.815551164094395,10.48641099388469,2407,318
5,4,Spain,CBI,0.09408939740474492,1.2727613440094911,-2.400522836853858,2.5887016316633478,2407,318
5,5,Austria,MP,-0.5247995712199074,0.36322107728326797,-1.2367128826951126,0.1871137402552978,2407,318
5,5,Finland,MP,-0.7208483477675512,0.43557004633545426,-1.5745656385850415,0.13286894304993913,2407,318
5,5,France,MP,-0.3788371215247901,0.31131457497131726,-0.989013688468572,0.23133944541899176,2407,318
5,5,Ireland,MP,0.13467241331095503,1.7179300331785006,-3.232470451718906,3.501815278340816,2407,318
5,5,Italy,MP,-2.712706512733936,1.4153688409164626,-5.486829440930203,0.061416415462330676,2407,318
5,5,Netherlands,MP,-0.21158321085706652,0.26719362650633505,-0.7352827188094833,0.31211629709535016,2407,318
5,5,Portugal,MP,-3.9170996608311706,2.2877744276059766,-8.401137538938885,0.5669382172765438,2407,318
5,5,Spain,MP,-1.3009068113483033,0.8829968548649711,-3.031580646883647,0.42976702418704016,2407,318
5,5,Austria,CBI,-0.17653621987013696,0.5020917921071614,-1.1606361324001733,0.8075636926598992,2407,318
5,5,Finland,CBI,0.16449180448220907,0.5262466635856275,-0.866951656145621,1.195935265110039,2407,318
5,5,France,CBI,-0.12828858665888726,0.4652526836669711,-1.0401838466461506,0.783606673328376,2407,318
5,5,Ireland,CBI,2.0729641752702377,3.1666901994166103,-4.133748615586319,8.279676966126793,2407,318
5,5,Italy,CBI,1.32642034425338,1.6929427691972556,-1.991747483373241,4.644588171880001,2407,318
5,5,Netherlands,CBI,0.013296459243422544,0.46443037851059144,-0.8969870826373366,0.9235800011241818,2407,318
5,5,Portugal,CBI,1.2234902398139038,4.3427036504614085,-7.288208915090456,9.735189394718264,2407,318
5,5,Spain,CBI,0.5319559661658025,1.46868581231957,-2.346668225980555,3.4105801583121598,2407,318
5,6,Austria,MP,-0.46101556754395484,0.3764690268221509,-1.1988948601153706,0.27686372502746087,2407,318
5,6,Finland,MP,-0.3925741683699366,0.4743075869627322,-1.3222170388168917,0.5370687020770184,2407,318
5,6,France,MP,-0.20690504490045256,0.325808618183253,-0.8454899365396285,0.4316798467387233,2407,318
5,6,Ireland,MP,-0.35693109669189493,1.5835357751346597,-3.460661215955828,2.7467990225720382,2407,318
5,6,Italy,MP,-1.8992716397975096,1.2777848342088636,-4.403729914846882,0.6051866352518631,2407,318
5,6,Netherlands,MP,0.15975645171665234,0.27814333338632513,-0.385404481720545,0.7049173851538496,2407,318
5,6,Portugal,MP,-3.9372485536893147,2.6533220060616607,-9.13775968557017,1.2632625781915405,2407,318
5,6,Spain,MP,-1.0867269108865214,0.861572068777971,-2.7754081656913447,0.6019543439183017,2407,318
5,6,Austria,CBI,-0.10493281991107269,0.4754673533257935,-1.0368488324296279,0.8269831926074824,2407,318
5,6,Finland,CBI,0.391278394431918,0.42720161280982366,-0.44603676667533637,1.2285935555391723,2407,318
5,6,France,CBI,-0.019159746078377705,0.39040660627570356,-0.7843566943787567,0.7460372022220013,2407,318
5,6,Ireland,CBI,1.1264873470310022,3.7173949664611317,-6.159606787232816,8.41258148129482,2407,318
5,6,Italy,CBI,1.4497629662884994,1.8268786105900976,-2.130919110468092,5.03044504304509,2407,318
5,6,Netherlands,CBI,-0.13582216041590497,0.39771557150985604,-0.9153446805752228,0.6437003597434128,2407,318
5,6,Portugal,CBI,4.000440229907475,4.036789454601794,-3.911667101112042,11.912547560926992,2407,318
5,6,Spain,CBI,0.21269247469457192,1.6456834025376617,-3.012846994279245,3.4382319436683884,2407,318
5,7,Austria,MP,-0.468084144029873,0.42488885506765356,-1.300866299962474,0.364698011902728,2407,318
5,7,Finland,MP,-0.4372465615728528,0.46536445267770365,-1.349360888821152,0.4748677656754463,2407,318
5,7,France,MP,-0.3347134920433044,0.35072426803282813,-1.0221330573876475,0.3527060733010387,2407,318
5,7,Ireland,MP,1.574835034753316,2.186561253356763,-2.710825021825939,5.860495091332571,2407,318
5,7,Italy,MP,-1.1703812248613858,0.9809861324056687,-3.093114044376496,0.7523515946537247,2407,318
5,7,Netherlands,MP,0.06501791061991215,0.31211132888966636,-0.5467202940038339,0.6767561152436582,2407,318
5,7,Portugal,MP,-2.8572093713455513,2.2577876257826843,-7.282473117879613,1.56805437518851,2407,318
5,7,Spain,MP,-0.1691277143582725,0.9714666392327432,-2.073202327254449,1.7349468985379042,2407,318
5,7,Austria,CBI,0.07014076333748108,0.4517381368887935,-0.8152659849645542,0.9555475116395163,2407,318
5,7,Finland,CBI,0.6005622931851594,0.42588466629342586,-0.23417165274995522,1.435296239120274,2407,318
5,7,France,CBI,0.0753438187488644,0.37395727394525596,-0.6576124381838373,0.8083000756815661,2407,318
5,7,Ireland,CBI,3.6646587293283686,3.8101927157204867,-3.803318993483785,11.132636452140522,2407,318
5,7,Italy,CBI,1.242421326293273,1.5751269782409527,-1.844827551058994,4.32967020364554,2407,318
5,7,Netherlands,CBI,-0.13632033058543866,0.3419013481275005,-0.8064469729153396,0.5338063117444622,2407,318
5,7,Portugal,CBI,5.551804559808377,4.795655578559977,-3.847680374169177,14.951289493785932,2407,318
5,7,Spain,CBI,0.4267108995627493,1.4677185777139936,-2.450017512756678,3.303439311882177,2407,318
5,8,Austria,MP,-0.4227965321170538,0.42055582980569256,-1.247085958536211,0.40149289430210355,2407,318
5,8,Finland,MP,-0.22983177607793448,0.42183785195060275,-1.0566339659011157,0.5969704137452468,2407,318
5,8,France,MP,-0.28155583379819005,0.3845182651297418,-1.035211633452484,0.4720999658561038,2407,318
5,8,Ireland,MP,0.4984912369215311,2.212650792926927,-3.838304317215246,4.835286791058308,2407,318
5,8,Italy,MP,-1.416184716069663,1.0531548272558646,-3.4803681774911577,0.6479987453518317,2407,318
5,8,Netherlands,MP,0.03763780160255664,0.3630121550091548,-0.6738660222153867,0.7491416254205001,2407,318
5,8,Portugal,MP,-3.861461679121448,2.7846755641980656,-9.319425784949658,1.5965024267067607,2407,318
5,8,Spain,MP,-0.6538048788841402,1.0194897119181712,-2.6520047142437555,1.3443949564754754,2407,318
5,8,Austria,CBI,0.09663595448731013,0.5449817931740646,-0.9715283601338565,1.1648002691084767,2407,318
5,8,Finland,CBI,0.3082474579993844,0.5051294767490043,-0.6818063164286641,1.2983012324274328,2407,318
5,8,France,CBI,0.10268776163631296,0.47434024472755887,-0.8270191180297024,1.0323946413023284,2407,318
5,8,Ireland,CBI,4.508351280639951,3.723940618573822,-2.790572331764741,11.807274893044642,2407,318
5,8,Italy,CBI,1.7499198832490668,2.0666035228346664,-2.300623021506879,5.800462788005013,2407,318
5,8,Netherlands,CBI,-0.1560966953652457,0.3842934074181703,-0.9093117739048595,0.597118383174368,2407,318
5,8,Portugal,CBI,5.738400065668509,5.285026672556831,-4.62025221254288,16.0970523438799,2407,318
5,8,Spain,CBI,0.011598485270970408,1.744674391613485,-3.4079633222914603,3.431160292833401,2407,318
5,9,Austria,MP,-0.5396033642371212,0.4417567965581616,-1.4054466854911178,0.32623995701687547,2407,318
5,9,Finland,MP,-0.2066724437270435,0.4589665173254995,-1.1062468176850224,0.6929019302309355,2407,318
5,9,France,MP,-0.2575791377672261,0.394336435156551,-1.030478550674066,0.5153202751396139,2407,318
5,9,Ireland,MP,0.06466901669070536,1.7663454187338956,-3.39736800402773,3.526706037409141,2407,318
5,9,Italy,MP,-1.2626663685569128,0.8925010289042866,-3.0119683852093146,0.486635648095489,2407,318
5,9,Netherlands,MP,-0.08189991320121061,0.3777296142484498,-0.8222499571281722,0.658450130725751,2407,318
5,9,Portugal,MP,-3.5076136420413246,2.6201302649077904,-8.643068961260594,1.6278416771779445,2407,318
5,9,Spain,MP,-0.5772328768184003,0.9565464805006276,-2.4520639785996305,1.2975982249628297,2407,318
5,9,Austria,CBI,0.3213789247533146,0.5301508092887908,-0.7177166614527153,1.3604745109593444,2407,318
5,9,Finland,CBI,0.4119381148662015,0.5188151808223878,-0.6049396395456783,1.4288158692780815,2407,318
5,9,France,CBI,0.3763790141009164,0.5027250419896968,-0.6089620681988894,1.3617200964007221,2407,318
5,9,Ireland,CBI,3.690939925350661,3.4579316722890256,-3.086606152335829,10.468486003037151,2407,318
5,9,Italy,CBI,1.4304137132980428,2.161235462371085,-2.805607792949284,5.666435219545369,2407,318
5,9,Netherlands,CBI,-0.11282453090847,0.42271383126534895,-0.9413436401885539,0.7156945783716139,2407,318
5,9,Portugal,CBI,6.130067040135873,6.078088217185308,-5.782985865547331,18.043119945819075,2407,318
5,9,Spain,CBI,-0.4114664261218273,2.0316750106651833,-4.3935494470255865,3.5706165947819315,2407,318
5,10,Austria,MP,-0.41186330616887,0.4471021056382276,-1.2881834332197961,0.4644568208820561,2407,318
5,10,Finland,MP,-0.5188165620129829,0.3912034615835858,-1.285575346716811,0.24794222269084532,2407,318
5,10,France,MP,-0.4085661388724833,0.43279178678663327,-1.2568380409742845,0.43970576322931787,2407,318
5,10,Ireland,MP,0.615902052745757,1.654756363460134,-2.627420419636106,3.85922452512762,2407,318
5,10,Italy,MP,-1.7019355286713822,0.9517783828720573,-3.5674211591006144,0.16355010175785,2407,318
5,10,Netherlands,MP,-0.2876568757218779,0.4600187897864268,-1.1892937037032745,0.6139799522595186,2407,318
5,10,Portugal,MP,-2.130837598989799,2.8716052963421546,-7.759183979820422,3.4975087818408235,2407,318
5,10,Spain,MP,-0.7832495139963276,0.8451720420825082,-2.439786716478044,0.8732876884853884,2407,318
5,10,Austria,CBI,0.18916255797963574,0.6443396230620052,-1.0737431032218945,1.4520682191811658,2407,318
5,10,Finland,CBI,0.04630667184587144,0.6472900112451111,-1.2223817501945464,1.314995093886289,2407,318
5,10,France,CBI,0.13968955906277228,0.5061117797343929,-0.8522895292166378,1.1316686473421824,2407,318
5,10,Ireland,CBI,5.01317040379927,4.537861098116058,-3.881037348508203,13.907378156106743,2407,318
5,10,Italy,CBI,0.6915521971590305,2.1052503641254594,-3.43473851652687,4.817842910844931,2407,318
5,10,Netherlands,CBI,-0.27308041226819424,0.372953998585574,-1.0040702494959193,0.4579094249595308,2407,318
5,10,Portugal,CBI,9.461195151287944,7.645398674378412,-5.5237862504937425,24.44617655306963,2407,318
5,10,Spain,CBI,-0.693904780161088,1.9382442478164232,-4.492863505881278,3.1050539455591015,2407,318
5,11,Austria,MP,-0.5432096682603592,0.4492610989627942,-1.423761422227436,0.3373420857067174,2407,318
5,11,Finland,MP,-0.6435553855284175,0.3967071126316293,-1.421101326286411,0.13399055522957581,2407,318
5,11,France,MP,-0.5058682876638917,0.3942808108226039,-1.2786586768761954,0.266922101548412,2407,318
5,11,Ireland,MP,-0.35251397607187823,1.5076653255561385,-3.3075380141619095,2.6025100620181534,2407,318
5,11,Italy,MP,-2.7128088304260993,1.2847033364268134,-5.230827369822654,-0.19479029102954515,2407,318
5,11,Netherlands,MP,-0.23535845185066043,0.4208528977008925,-1.0602301313444098,0.5895132276430889,2407,318
5,11,Portugal,MP,-3.2550064438438717,2.6905824236879927,-8.528547994272337,2.0185351065845936,2407,318
5,11,Spain,MP,-1.4701944879095452,1.1078736634070587,-3.6416268681873802,0.70123789236829,2407,318
5,11,Austria,CBI,0.0496643927057446,0.7955527609767158,-1.5096190188086185,1.6089478042201075,2407,318
5,11,Finland,CBI,0.39414485969405544,0.9097465553791576,-1.3889583888490935,2.177248108237204,2407,318
5,11,France,CBI,-0.002620507443207264,0.6175384453889609,-1.2129958604055706,1.207754845519156,2407,318
5,11,Ireland,CBI,3.904514426543374,3.9673267170914395,-3.8714459389558473,11.680474792042595,2407,318
5,11,Italy,CBI,-0.5380627619190915,2.1798601970810716,-4.810588748197992,3.734463224359809,2407,318
5,11,Netherlands,CBI,-0.07395245829293819,0.35902223016872153,-0.7776360294236324,0.6297311128377561,2407,318
5,11,Portugal,CBI,6.13531146623946,6.927948904426497,-7.443468386436474,19.714091318915393,2407,318
5,11,Spain,CBI,-1.960858182576213,2.280585107255388,-6.430804992796773,2.5090886276443474,2407,318
5,12,Austria,MP,-0.30608100727858367,0.5370610920615455,-1.3587207477192127,0.7465587331620455,2399,317
5,12,Finland,MP,-0.35839481898100833,0.5143825731641387,-1.3665846623827202,0.6497950244207035,2399,317
5,12,France,MP,-0.24849651794744776,0.5062793966818733,-1.2408041354439194,0.7438110995490238,2399,317
5,12,Ireland,MP,-0.04309499465601395,1.3337991404209264,-2.6573413098810295,2.5711513205690015,2399,317
5,12,Italy,MP,-2.9200634323809966,1.3795385586351783,-5.623959007305945,-0.2161678574560475,2399,317
5,12,Netherlands,MP,-0.06594636718908667,0.5124853579152895,-1.0704176687030542,0.9385249343248808,2399,317
5,12,Portugal,MP,-3.1770838982776204,2.793690401930671,-8.652717086061736,2.298549289506495,2399,317
5,12,Spain,MP,-1.7860430546601587,1.26333955480223,-4.262188582072529,0.6901024727522118,2399,317
5,12,Austria,CBI,0.1771062312436845,0.8100647091006233,-1.4106205985935374,1.7648330610809062,2399,317
5,12,Finland,CBI,0.6362409924324463,0.7578101531136069,-0.8490669076702232,2.121548892535116,2399,317
5,12,France,CBI,0.39274432334983805,0.6705804532241985,-0.9215933649695909,1.7070820116692669,2399,317
5,12,Ireland,CBI,3.7456633866927826,4.216827848155185,-4.519319195691379,12.010645969076945,2399,317
5,12,Italy,CBI,1.1155270326347684,2.263568462414905,-3.321067153698445,5.552121218967981,2399,317
5,12,Netherlands,CBI,0.0650325774277628,0.43188751771971545,-0.7814669573028795,0.9115321121584051,2399,317
5,12,Portugal,CBI,8.168506651513592,7.406132793436824,-6.347513623622582,22.684526926649767,2399,317
5,12,Spain,CBI,-0.5070826048848656,1.9455256342364065,-4.320312847988222,3.3061476382184907,2399,317
10,0,Austria,MP,0.009907586950492904,0.18977736885198881,-0.36205605599940516,0.381871229900391,2830,318
10,0,Belgium,MP,-0.01671333778923701,0.19997123828481658,-0.4086569648274775,0.3752302892490035,2830,318
10,0,Finland,MP,0.12902756642796734,0.14778843121852694,-0.16063775876034544,0.4186928916162801,2830,318
10,0,France,MP,0.13426308784874835,0.1377601646691067,-0.13574683490270079,0.4042730106001975,2830,318
10,0,Ireland,MP,0.4961230389619119,0.3954852958883721,-0.2790281409792974,1.2712742189031212,2830,318
10,0,Italy,MP,0.277476138945457,0.3302377924307345,-0.3697899342187826,0.9247422121096965,2830,318
10,0,Netherlands,MP,0.04060363777927779,0.1375029830293025,-0.2289022089581551,0.31010948451671067,2830,318
10,0,Portugal,MP,-0.06383735333837251,0.5798020875680541,-1.2002494449717585,1.0725747382950135,2830,318
10,0,Spain,MP,0.2752860532702219,0.3370040139702169,-0.3852418141114032,0.935813920651847,2830,318
10,0,Austria,CBI,-0.2085411220563487,0.24174106932373426,-0.6823536179308678,0.26527137381817045,2830,318
10,0,Belgium,CBI,0.11897880159237119,0.23967268847429862,-0.3507796678172541,0.5887372710019965,2830,318
10,0,Finland,CBI,0.11943771380799391,0.20413675139123197,-0.28067031891882077,0.5195457465348086,2830,318
10,0,France,CBI,0.05748442875058701,0.20023983401794374,-0.3349856459245827,0.4499545034257567,2830,318
10,0,Ireland,CBI,0.3685971798696965,1.051120900672045,-1.6915997854475118,2.4287941451869046,2830,318
10,0,Italy,CBI,-0.8355679514335311,0.5489558560965018,-1.9115214293826748,0.2403855265156124,2830,318
10,0,Netherlands,CBI,-0.06651695940774989,0.19451765371183719,-0.44777156068295076,0.314737641867451,2830,318
10,0,Portugal,CBI,-0.8810078591952188,0.8499393685502132,-2.546889021553637,0.7848733031631991,2830,318
10,0,Spain,CBI,-0.557023248457067,0.6138938156661082,-1.760255127162639,0.6462086302485051,2830,318
10,1,Austria,MP,0.12005322271169398,0.19429396703568666,-0.26076295267825184,0.5008693981016398,2830,318
10,1,Belgium,MP,0.18762780104762175,0.2789712186362349,-0.3591557874793987,0.7344113895746422,2830,318
10,1,Finland,MP,0.26045106973839055,0.18172840412817398,-0.09573660235283044,0.6166387418296115,2830,318
10,1,France,MP,-0.022800356584442048,0.15092543151776402,-0.3186142023592596,0.27301348919037544,2830,318
10,1,Ireland,MP,0.9029425492181687,0.5847959511221456,-0.2432575149812365,2.049142613417574,2830,318
10,1,Italy,MP,-0.021062157256028308,0.5163860456558527,-1.0331788067414995,0.9910544922294429,2830,318
10,1,Netherlands,MP,-0.006646669718192757,0.12101564636622208,-0.24383733659598802,0.23054399715960253,2830,318
10,1,Portugal,MP,0.5651829135894669,0.9070694485308184,-1.2126732055309373,2.343039032709871,2830,318
10,1,Spain,MP,0.4869395071296473,0.36183298162849664,-0.22225313686220616,1.1961321511215006,2830,318
10,1,Austria,CBI,-0.3265358296939601,0.23782243589543928,-0.7926678040490212,0.13959614466110087,2830,318
10,1,Belgium,CBI,0.33467788824585415,0.4341366184316299,-0.5162298838801405,1.1855856603718486,2830,318
10,1,Finland,CBI,0.16657954457694155,0.18058521888695322,-0.1873674844414868,0.5205265735953699,2830,318
10,1,France,CBI,0.034947652444142066,0.21561770177669431,-0.3876630430381788,0.4575583479264629,2830,318
10,1,Ireland,CBI,0.19513073672254078,1.2046501603925943,-2.1659835776469443,2.5562450510920254,2830,318
10,1,Italy,CBI,-0.6213533179179057,0.5307224017637228,-1.6615692253748024,0.4188625895389909,2830,318
10,1,Netherlands,CBI,-0.08503586667959873,0.1711972542182753,-0.42058248494741834,0.2505107515882209,2830,318
10,1,Portugal,CBI,-0.6698043067751666,1.277668088602592,-3.174033760436247,1.8344251468859136,2830,318
10,1,Spain,CBI,-0.3843582196511572,0.5513944436269221,-1.4650913291599246,0.6963748898576101,2830,318
10,2,Austria,MP,0.2761465021138023,0.222533816362361,-0.16001977795642525,0.7123127821840298,2830,318
10,2,Belgium,MP,0.1627873586946588,0.313975937045164,-0.45260547791386274,0.7781801953031803,2830,318
10,2,Finland,MP,0.4412159673162162,0.20290601667000516,0.043520174643006115,0.8389117599894262,2830,318
10,2,France,MP,0.20318834995137214,0.21544721675986497,-0.21908819489796322,0.6254648948007075,2830,318
10,2,Ireland,MP,2.0873504463659227,0.9010036159632553,0.32138335907794247,3.853317533653903,2830,318
10,2,Italy,MP,-0.14857283094820012,0.7126702325898226,-1.5454064868242525,1.2482608249278522,2830,318
10,2,Netherlands,MP,0.3124665861472074,0.1670212237718755,-0.014895012445668598,0.6398281847400834,2830,318
10,2,Portugal,MP,-0.5476566059470864,1.1032151869230573,-2.7099583723162786,1.614645160422106,2830,318
10,2,Spain,MP,0.3009126688468267,0.48138600188440217,-0.6426038948466015,1.244429232540255,2830,318
10,2,Austria,CBI,-0.16054977959795708,0.294118025279226,-0.7370211091452399,0.4159215499493258,2830,318
10,2,Belgium,CBI,0.36878210092788577,0.481696231138578,-0.5753425121037271,1.3129067139594985,2830,318
10,2,Finland,CBI,0.2551925488905725,0.1955857301146509,-0.12815548213414324,0.6385405799152883,2830,318
10,2,France,CBI,0.12901269590865314,0.26655526064528245,-0.39343561495610047,0.6514610067734068,2830,318
10,2,Ireland,CBI,0.6294879024556028,1.164288560668934,-1.6525176764555076,2.9114934813667133,2830,318
10,2,Italy,CBI,0.517001755689006,0.891401575468887,-1.2301453322300127,2.2641488436080244,2830,318
10,2,Netherlands,CBI,0.10125225189146456,0.2140788309493505,-0.3183422567692624,0.5208467605521916,2830,318
10,2,Portugal,CBI,-0.33763500702704996,1.6594967356304253,-3.5902486088626837,2.9149785948085833,2830,318
10,2,Spain,CBI,0.03528606773356092,0.560073477116634,-1.0624579474150417,1.1330300828821636,2830,318
10,3,Austria,MP,-0.11798828722276271,0.2647617779310208,-0.6369213719675634,0.400944797522038,2830,318
10,3,Belgium,MP,-0.5236301088496023,0.3620577327853693,-1.233263265108926,0.1860030474097215,2830,318
10,3,Finland,MP,0.12465271834684935,0.22056376246790446,-0.3076522560902434,0.5569576927839421,2830,318
10,3,France,MP,-0.0661724648511462,0.2271563605859516,-0.5113989315996113,0.3790540018973189,2830,318
10,3,Ireland,MP,2.4144301292354062,1.2520829073492323,-0.039652369169088875,4.868512627639902,2830,318
10,3,Italy,MP,-1.0266321108289647,0.7190998585600026,-2.43606783360657,0.38280361194864043,2830,318
10,3,Netherlands,MP,0.12238139248529503,0.18844496330210522,-0.24697073558683122,0.49173352055742126,2830,318
10,3,Portugal,MP,-0.18077988959338537,1.397653033638172,-2.920179835524203,2.558620056337432,2830,318
10,3,Spain,MP,-0.07142605728085402,0.44584660887620303,-0.9452854106782119,0.8024332961165038,2830,318
10,3,Austria,CBI,-0.319726320562923,0.3987009606178011,-1.1011802033738132,0.4617275622479671,2830,318
10,3,Belgium,CBI,0.21546614516826854,0.5673968503322833,-0.8966316814830065,1.3275639718195436,2830,318
10,3,Finland,CBI,-0.0005539024568360444,0.24380848510019354,-0.4784185332532154,0.47731072833954324,2830,318
10,3,France,CBI,-0.022550591888227688,0.27919900195015734,-0.569780635710536,0.5246794519340806,2830,318
10,3,Ireland,CBI,0.5504367127347591,1.4809509457710215,-2.352227140976443,3.4531005664459613,2830,318
10,3,Italy,CBI,0.338808497281449,0.9831956168668328,-1.5882549117775433,2.265871906340441,2830,318
10,3,Netherlands,CBI,-0.16102692766734597,0.23045116020550158,-0.612711201670129,0.29065734633543716,2830,318
10,3,Portugal,CBI,1.1043535191693974,2.124341872827888,-3.0593565515732632,5.2680635899120585,2830,318
10,3,Spain,CBI,-0.1591989073054469,0.6906519722611951,-1.5128767729373893,1.1944789583264954,2830,318
10,4,Austria,MP,-0.02999674807566029,0.24908453453819424,-0.5182024357705209,0.4582089396192004,2830,318
10,4,Belgium,MP,-0.4241868771933535,0.3771555066206856,-1.1634116701698973,0.31503791578319024,2830,318
10,4,Finland,MP,0.043286774501111354,0.2207547603653634,-0.38939255581500093,0.4759661048172236,2830,318
10,4,France,MP,-0.02441045320070327,0.24419731054362,-0.5030371818661985,0.45421627546479193,2830,318
10,4,Ireland,MP,2.580337106464131,1.342788542470074,-0.05152843677721419,5.2122026497054765,2830,318
10,4,Italy,MP,-1.3393208318795105,0.9370628185049577,-3.1759639561492277,0.49732229239020653,2830,318
10,4,Netherlands,MP,0.11690584344185052,0.16914098083007062,-0.2146104789850879,0.4484221658687889,2830,318
10,4,Portugal,MP,-0.3761344340896121,1.3345590862589765,-2.991870243157206,2.2396013749779815,2830,318
10,4,Spain,MP,-0.1212359984122689,0.5081716756942546,-1.117252482773008,0.87478048594847,2830,318
10,4,Austria,CBI,-0.4625341794518206,0.3879557790880019,-1.2229275064643041,0.297859147560663,2830,318
10,4,Belgium,CBI,0.5770268516969076,0.6119464909184591,-0.6223882705032723,1.7764419738970876,2830,318
10,4,Finland,CBI,-0.18643684729190446,0.23456987974559632,-0.6461938115932733,0.2733201170094643,2830,318
10,4,France,CBI,-0.2932479383469821,0.3882626415729087,-1.054242715829883,0.4677468391359189,2830,318
10,4,Ireland,CBI,-0.2781864422812619,1.453854863861176,-3.127741975449166,2.571369090886643,2830,318
10,4,Italy,CBI,-0.008121826617233093,1.1886350306446662,-2.3378464866807787,2.321602833446313,2830,318
10,4,Netherlands,CBI,-0.24240107018800106,0.283154159422811,-0.7973832226567107,0.3125810822807086,2830,318
10,4,Portugal,CBI,0.8107087350146411,2.1279421653184136,-3.3600579090094493,4.981475379038732,2830,318
10,4,Spain,CBI,0.22414437590638467,1.0245881036504716,-1.7840483072485398,2.232337059061309,2830,318
10,5,Austria,MP,-0.406036547217031,0.28365350352277713,-0.9619974141216742,0.14992431968761222,2830,318
10,5,Belgium,MP,-0.8233573476727576,0.42296961731773286,-1.652377797615514,0.0056631022699987765,2830,318
10,5,Finland,MP,-0.02332592381206574,0.2634668830087624,-0.5397210145092401,0.49306916688510866,2830,318
10,5,France,MP,-0.3568868014643873,0.2887119629654648,-0.9227622488766982,0.2089886459479237,2830,318
10,5,Ireland,MP,1.6262259900855116,1.2683231684180694,-0.8596874200139042,4.112139400184928,2830,318
10,5,Italy,MP,-2.1524040495675103,1.0999526979786234,-4.308311337605613,0.00350323847059153,2830,318
10,5,Netherlands,MP,-0.002151162291929107,0.22108340642854726,-0.43547463889188176,0.4311723143080235,2830,318
10,5,Portugal,MP,-2.2983138947885275,1.7299174824337582,-5.688952160358694,1.0923243707816384,2830,318
10,5,Spain,MP,-0.7923262023063974,0.6411554270390976,-2.0489908393030287,0.46433843469023384,2830,318
10,5,Austria,CBI,-0.42737870869443073,0.39019568080126055,-1.1921622430649013,0.3374048256760399,2830,318
10,5,Belgium,CBI,0.6355839837284616,0.6586106116520918,-0.6552928151096382,1.9264607825665614,2830,318
10,5,Finland,CBI,-0.020366027290539317,0.23096824512830824,-0.47306378774202346,0.4323317331609448,2830,318
10,5,France,CBI,-0.20931724666230536,0.34061002784219446,-0.8769129012330065,0.4582784079083958,2830,318
10,5,Ireland,CBI,-0.7485570702736558,1.4711021764758117,-3.6319173361662465,2.134803195618935,2830,318
10,5,Italy,CBI,0.747941686273523,1.2071549517168116,-1.6180820190914278,3.1139653916384735,2830,318
10,5,Netherlands,CBI,-0.22807406116665893,0.3053581942992339,-0.8265761219931573,0.3704279996598394,2830,318
10,5,Portugal,CBI,0.16056209368301544,3.146688560997051,-6.006947485871205,6.328071673237236,2830,318
10,5,Spain,CBI,0.09503382415887217,1.0964403912045433,-2.0539893426020326,2.244056990919777,2830,318
10,6,Austria,MP,-0.2313876633516445,0.3106055676747919,-0.8401745759942366,0.3773992492909476,2830,318
10,6,Belgium,MP,-0.8875634384681078,0.44850746913028394,-1.7666380779634643,-0.008488798972751344,2830,318
10,6,Finland,MP,-0.0032274343323640186,0.2626435610409931,-0.5180088139727106,0.5115539453079825,2830,318
10,6,France,MP,-0.14841603770234604,0.29844267339523134,-0.7333636775569994,0.43653160215230735,2830,318
10,6,Ireland,MP,2.1178587647197156,1.4713258733764512,-0.7659399470981287,5.001657476537559,2830,318
10,6,Italy,MP,-1.5462247235700637,1.037764786790418,-3.5802437056792833,0.4877942585391557,2830,318
10,6,Netherlands,MP,0.031679220817702046,0.22748882148696134,-0.4141988692967422,0.47755731093214626,2830,318
10,6,Portugal,MP,-2.736485203545939,2.0868841401302682,-6.826778118201265,1.3538077111093867,2830,318
10,6,Spain,MP,-0.5802998136469373,0.6603893734126207,-1.8746629855356738,0.7140633582417992,2830,318
10,6,Austria,CBI,-0.35210876700105836,0.40332950100332404,-1.1426345889675735,0.43841705496545674,2830,318
10,6,Belgium,CBI,0.7636054641189342,0.6548397984159785,-0.5198805407763837,2.047091469014252,2830,318
10,6,Finland,CBI,0.047245542983418536,0.21355599615919618,-0.37132420948860595,0.46581529545544303,2830,318
10,6,France,CBI,0.10235446071025121,0.315338229489487,-0.5157084690891433,0.7204173905096457,2830,318
10,6,Ireland,CBI,-1.9545070999047667,1.5028137331030382,-4.900022016786721,0.9910078169771883,2830,318
10,6,Italy,CBI,1.1854292979948535,1.3754886430770272,-1.5105284424361198,3.881387038425827,2830,318
10,6,Netherlands,CBI,-0.19641517683990442,0.26234908786634015,-0.7106193890579311,0.3177890353781223,2830,318
10,6,Portugal,CBI,0.9277514078545561,2.9790217866860416,-4.911131294050085,6.766634109759197,2830,318
10,6,Spain,CBI,0.14405788395535604,1.2561029259478622,-2.3179038509024537,2.606019618813166,2830,318
10,7,Austria,MP,-0.33516610981752015,0.3420413949941178,-1.005567244005991,0.33523502437095065,2830,318
10,7,Belgium,MP,-0.6612055253743189,0.402152408681608,-1.4494242463902705,0.12701319564163283,2830,318
10,7,Finland,MP,-0.1496446898755899,0.3671290183798154,-0.869217565900028,0.5699281861488482,2830,318
10,7,France,MP,-0.26847284584911746,0.35588605349472097,-0.9660095106987705,0.4290638190005356,2830,318
10,7,Ireland,MP,1.4429177854127453,1.544858092798592,-1.5850040764724949,4.470839647297986,2830,318
10,7,Italy,MP,-1.1546771784527943,0.8829959567372188,-2.885349253657743,0.5759948967521544,2830,318
10,7,Netherlands,MP,-0.06293451909950148,0.3271058502480066,-0.7040619855855943,0.5781929473865914,2830,318
10,7,Portugal,MP,-1.8882052800728892,1.756053989529009,-5.3300710995497464,1.5536605394039682,2830,318
10,7,Spain,MP,0.024364465809355012,0.7143192849757879,-1.3757013327431893,1.4244302643618991,2830,318
10,7,Austria,CBI,-0.06849929891640055,0.37780664418550225,-0.809000321519985,0.6720017236871838,2830,318
10,7,Belgium,CBI,1.2901945455161485,0.8253520181721955,-0.3274954101013545,2.9078845011336516,2830,318
10,7,Finland,CBI,0.32514844772401397,0.2364104343505498,-0.13821600360306363,0.7885128990510916,2830,318
10,7,France,CBI,0.2217443351879451,0.32366192101076396,-0.4126330299931522,0.8561217003690424,2830,318
10,7,Ireland,CBI,-0.3944036392145292,1.39422743803941,-3.127089417771773,2.3382821393427142,2830,318
10,7,Italy,CBI,1.0543727022404432,1.1011806911010555,-1.1039414523176256,3.212686856798512,2830,318
10,7,Netherlands,CBI,-0.20396809954302061,0.2473548112895007,-0.688783529670442,0.2808473305844008,2830,318
10,7,Portugal,CBI,2.6356915362434004,2.9659238042121805,-3.177519120012473,8.448902192499274,2830,318
10,7,Spain,CBI,0.24197186390168196,1.1181717191783984,-1.949644705687979,2.433588433491343,2830,318
10,8,Austria,MP,-0.17974423413629734,0.38188886585618065,-0.9282464112144114,0.5687579429418167,2830,318
10,8,Belgium,MP,-0.5098069798273761,0.4108635626320709,-1.315099562586235,0.29548560293148285,2830,318
10,8,Finland,MP,0.1029083542929503,0.34641295743742345,-0.5760610422843997,0.7818777508703003,2830,318
10,8,France,MP,-0.21308328978452454,0.32023528000293955,-0.840744438590286,0.414577859021237,2830,318
10,8,Ireland,MP,0.6015484880127941,1.4589507864368267,-2.257995053403386,3.4610920294289746,2830,318
10,8,Italy,MP,-1.4803108839213415,0.8744309814552298,-3.194195607573592,0.23357383973090884,2830,318
10,8,Netherlands,MP,0.08358521275796141,0.3372764388456039,-0.5774766073794222,0.744647032895345,2830,318
10,8,Portugal,MP,-2.9987218686598895,2.1776649950314493,-7.26694525892153,1.2695015216017511,2830,318
10,8,Spain,MP,-0.4702512012915474,0.7870336875427463,-2.01283722887533,1.0723348262922352,2830,318
10,8,Austria,CBI,-0.23826435549888983,0.4470913079499933,-1.1145633190808768,0.6380346080830971,2830,318
10,8,Belgium,CBI,1.1597025960878382,0.9931729833899364,-0.7869164513564371,3.1063216435321133,2830,318
10,8,Finland,CBI,0.23576342316709586,0.26429049952822575,-0.28224595590822665,0.7537728022424184,2830,318
10,8,France,CBI,0.1492613974203825,0.4253237717848309,-0.6843731952778861,0.982895990118651,2830,318
10,8,Ireland,CBI,0.8299490962043979,2.371452068892673,-3.8180969588252416,5.477995151234038,2830,318
10,8,Italy,CBI,1.0889157324455563,1.41743452148708,-1.6892559296691205,3.867087394560233,2830,318
10,8,Netherlands,CBI,-0.19921370757834225,0.24430453192217957,-0.6780505901458143,0.2796231749891297,2830,318
10,8,Portugal,CBI,1.8681879701247286,3.2008794108239242,-4.405535675090163,8.14191161533962,2830,318
10,8,Spain,CBI,-0.2571576307668124,1.3695286093012853,-2.9414337049973316,2.4271184434637068,2830,318
10,9,Austria,MP,-0.4269379813989883,0.4074195329920887,-1.225480266063482,0.37160430326550553,2830,318
10,9,Belgium,MP,-0.6076162596596668,0.3818932266190697,-1.3561269838330434,0.1408944645137098,2830,318
10,9,Finland,MP,-0.011710636429344745,0.37854111350034064,-0.7536512188900124,0.7302299460313229,2830,318
10,9,France,MP,-0.2090269391712695,0.36631613278598696,-0.9270065594318039,0.508952681089265,2830,318
10,9,Ireland,MP,0.30585607298548956,1.6084673225957522,-2.8467398793021848,3.458452025273164,2830,318
10,9,Italy,MP,-1.139783596710962,0.7971943139283095,-2.7022844520104483,0.4227172585885246,2830,318
10,9,Netherlands,MP,-0.015218425174894,0.3426969934948658,-0.6869045324248311,0.656467682075043,2830,318
10,9,Portugal,MP,-2.3294349496888107,2.0920034799528513,-6.429761770396398,1.7708918710187773,2830,318
10,9,Spain,MP,-0.7697081663003736,0.7386621106411756,-2.217485903157078,0.6780695705563305,2830,318
10,9,Austria,CBI,-0.3807072992763577,0.4150846591974989,-1.1942732313034554,0.4328586327507401,2830,318
10,9,Belgium,CBI,0.9459315130475996,1.0228078270676766,-1.0587718280050467,2.9506348541002456,2830,318
10,9,Finland,CBI,0.15986143366522226,0.2710760528234659,-0.37144762986877095,0.6911704971992154,2830,318
10,9,France,CBI,0.2644668555357412,0.4883486697750863,-0.6926965372234279,1.2216302482949102,2830,318
10,9,Ireland,CBI,0.6804216491004553,2.741455000593069,-4.69283015206196,6.05367345026287,2830,318
10,9,Italy,CBI,1.1401137797474443,1.6601454774014017,-2.113771355959303,4.393998915454192,2830,318
10,9,Netherlands,CBI,-0.2801093449137793,0.25825257852344524,-0.7862843988197319,0.22606570899217332,2830,318
10,9,Portugal,CBI,2.4494585142354737,3.872513261266589,-5.140667477847041,10.039584506317988,2830,318
10,9,Spain,CBI,-0.6012858039981208,1.579904166236913,-3.6978979698224705,2.495326361826229,2830,318
10,10,Austria,MP,-0.4987512407953283,0.4068344692655383,-1.2961468005557832,0.2986443189651268,2830,318
10,10,Belgium,MP,-0.8390958085922393,0.44754885551244694,-1.7162915653966353,0.038099948212156676,2830,318
10,10,Finland,MP,-0.23368431777476562,0.39714777576449284,-1.0120939582731716,0.5447253227236404,2830,318
10,10,France,MP,-0.4248373498461158,0.3745997080866656,-1.1590527776959805,0.3093780780037488,2830,318
10,10,Ireland,MP,-0.22234665433244197,1.729149375543315,-3.611479430397339,3.1667861217324553,2830,318
10,10,Italy,MP,-1.4327728520275738,0.8458776920040892,-3.0906931283555887,0.2251474243004412,2830,318
10,10,Netherlands,MP,-0.16600775798449635,0.3831607832581404,-0.9170028931704515,0.5849873772014589,2830,318
10,10,Portugal,MP,-1.842258388705405,2.184580259157718,-6.124035696654532,2.4395189192437226,2830,318
10,10,Spain,MP,-0.7414472197616331,0.7287301497622798,-2.1697583132957012,0.6868638737724353,2830,318
10,10,Austria,CBI,-0.3297640954880356,0.47181053505033105,-1.2545127441866843,0.5949845532106133,2830,318
10,10,Belgium,CBI,0.8793776858122756,1.0310858564483403,-1.141550592826471,2.9003059644510225,2830,318
10,10,Finland,CBI,-0.22375548312454838,0.25733659193361225,-0.7281352033144284,0.28062423706533157,2830,318
10,10,France,CBI,0.10030817016733388,0.43891214870030315,-0.7599596412852603,0.960575981619928,2830,318
10,10,Ireland,CBI,1.2272586376609662,3.096351738862012,-4.841590770508576,7.296108045830509,2830,318
10,10,Italy,CBI,0.6478169467108074,1.703194224460202,-2.690443733231189,3.9860776266528033,2830,318
10,10,Netherlands,CBI,-0.4696419707075218,0.2634891655422813,-0.9860807351703931,0.04679679375534951,2830,318
10,10,Portugal,CBI,4.360137916676815,4.4381490214786075,-4.338634165421255,13.058909998774887,2830,318
10,10,Spain,CBI,-0.5059282425906347,1.536683913688222,-3.51782871341955,2.5059722282382806,2830,318
10,11,Austria,MP,-0.654070674546365,0.4102611115766519,-1.4581824532366028,0.15004110414387273,2830,318
10,11,Belgium,MP,-1.018644996893637,0.4548659472991925,-1.9101822536000543,-0.12710774018721982,2830,318
10,11,Finland,MP,-0.2079004444507987,0.3785656516264195,-0.9498891216385809,0.5340882327369835,2830,318
10,11,France,MP,-0.5780869207997618,0.37358909042280464,-1.3103215380284587,0.15414769642893533,2830,318
10,11,Ireland,MP,-0.8398826133160463,1.9009006817710377,-4.56564794958728,2.8858827229551878,2830,318
10,11,Italy,MP,-2.4642544658916132,1.1017722497114841,-4.623728075326122,-0.3047808564571044,2830,318
10,11,Netherlands,MP,-0.20367388994297186,0.37547317459333196,-0.9396013121459025,0.5322535322599588,2830,318
10,11,Portugal,MP,-2.9981343336107624,2.122179231926055,-7.15760562818583,1.161336960964305,2830,318
10,11,Spain,MP,-1.3762231360847044,0.9106995800757407,-3.161194313033156,0.4087480408637474,2830,318
10,11,Austria,CBI,-0.4739950382341243,0.583353091533698,-1.6173670976401722,0.6693770211719237,2830,318
10,11,Belgium,CBI,0.3747187643526025,1.2082859106755917,-1.9935216205715574,2.7429591492767624,2830,318
10,11,Finland,CBI,-0.19432818207528754,0.3312183240003806,-0.8435160971160335,0.45485973296545834,2830,318
10,11,France,CBI,0.0018029056450182752,0.5425054345149843,-1.0615077460043512,1.0651135572943875,2830,318
10,11,Ireland,CBI,0.5079694704076769,3.3943722207313285,-6.145000082225726,7.160939023041081,2830,318
10,11,Italy,CBI,-0.31894822755353386,1.585985339966443,-3.427479493887762,2.789583038780694,2830,318
10,11,Netherlands,CBI,-0.4449731404607746,0.303661911228304,-1.0401504864682505,0.15020420554670127,2830,318
10,11,Portugal,CBI,1.9267868647380058,4.22681368121139,-6.357767950436319,10.21134167991233,2830,318
10,11,Spain,CBI,-1.6304960281111933,1.7095774567936521,-4.981267843426751,1.7202757872043648,2830,318
10,12,Austria,MP,-0.4466539509432485,0.4357618074925133,-1.3007470936285745,0.4074391917420776,2821,317
10,12,Belgium,MP,-0.8583385023713107,0.5051099175918179,-1.8483539408512737,0.1316769361086524,2821,317
10,12,Finland,MP,-0.11475885666310837,0.43971860200644464,-0.9766073165957398,0.7470896032695231,2821,317
10,12,France,MP,-0.31842465333500186,0.3929796647791774,-1.0886647963021896,0.4518154896321858,2821,317
10,12,Ireland,MP,-0.6423079855079596,2.0109540767312217,-4.583777975901154,3.2991620048852353,2821,317
10,12,Italy,MP,-2.706715595735604,1.244525736253191,-5.145986038791858,-0.26744515267934954,2821,317
10,12,Netherlands,MP,-0.0418720139884833,0.42642837813466605,-0.8776716351324287,0.7939276071554622,2821,317
10,12,Portugal,MP,-3.091249848781733,2.333316917048547,-7.664551006196884,1.482051308633419,2821,317
10,12,Spain,MP,-1.6811837278719832,1.1227398643326107,-3.8817538619639,0.5193864062199338,2821,317
10,12,Austria,CBI,-0.4031386879555622,0.5750718681824204,-1.5302795495931063,0.7240021736819818,2821,317
10,12,Belgium,CBI,0.7373935765526165,1.199702585327379,-1.6140234906890465,3.0888106437942797,2821,317
10,12,Finland,CBI,-0.10816555588986831,0.34856957192291776,-0.7913619168587871,0.5750308050790505,2821,317
10,12,France,CBI,0.2514601940743685,0.5432607325488095,-0.813330841721298,1.3162512298700348,2821,317
10,12,Ireland,CBI,1.5818437842196524,3.328635602850384,-4.9422819973671,8.105969565806404,2821,317
10,12,Italy,CBI,0.6654063413509063,1.7257396410817962,-2.717043355169414,4.0478560378712265,2821,317
10,12,Netherlands,CBI,-0.30786332919212345,0.3291744644944389,-0.9530452796012236,0.33731862121697676,2821,317
10,12,Portugal,CBI,3.2658344915536506,4.396608870995264,-5.351518895597065,11.883187878704367,2821,317
10,12,Spain,CBI,-0.7738024738782122,1.667119210641878,-4.041356126736293,2.4937511789798688,2821,317
